municipio,energia_norm,pib_pc_inv,agro_pc_norm,vulnerability_index,def_mean,ppt_std,ws_std,dtr_mean,hazard_index,empregos_pc,empresas_pc,exposure_index_pc,climate_risk_index,risk_norm,rank_risk
ABDON BATISTA,0.0958807425168672,0.8592367985152779,0.2722511256313748,0.40912288888784,0.3083651979063592,0.452119882275685,0.4212747308372997,0.5977650504635933,0.5213231329171638,0.0263949854306831,0.0788525947338821,0.0526237900822826,0.011223876970313169,0.05435815516212758,282.0
ABELARDO LUZ,0.1365107212558507,0.7713762827860287,0.4155264517619996,0.441137818601293,0.073059394379424,0.5825299169778242,0.4034701976026431,0.9245331418017648,0.7102156522460894,0.2375731284792371,0.1480815738844658,0.1928273511818515,0.06041338443885305,0.2945292052218546,99.0
AGROLANDIA,0.0786401872164561,0.85677739709523,0.1282530871021876,0.3545568904712913,0.0769581621635039,0.0910257378159956,0.3191843608370027,0.5266981325672072,0.3900823654565672,0.464846352508825,0.6455782231124031,0.555212287810614,0.07678940750163958,0.37448622974191514,43.0
AGRONOMICA,0.060276334756136,0.8518252784538493,0.1965107854068446,0.3695374662056099,0.0862494259863726,0.1208421385281146,0.2945632227580155,0.5176482659552635,0.3862370146311025,0.2020936500077012,0.4209157728086978,0.3115047114081995,0.04446077082631321,0.21663950557460346,167.0
AGUA DOCE,0.2903582525248574,0.5122341070776557,0.8477885231318544,0.5501269609114559,0.074077473578084,0.2768907966855594,0.4907726222778178,0.7650011792055523,0.5833433485711529,0.1559939566407408,0.272897139590823,0.2144455481157819,0.06881834349220739,0.33556697822342757,71.0
AGUAS DE CHAPECO,0.0283557389212848,0.8828319768535338,0.1658600721094765,0.359015929294765,0.802371072747005,0.76430961720151,0.0838841946411818,0.7389698337779598,0.6998773761694597,0.063428011303603,0.1357177048905273,0.0995728580970652,0.02501938594118607,0.12171564756560414,246.0
AGUAS FRIAS,0.1401843045667225,0.7607980753296164,0.3634926817527256,0.4214916872163548,0.5027118265423901,0.6857596092192458,0.1747287673220013,0.7919146316437512,0.6653466701627991,0.1673237986289044,0.3031088246847294,0.2352163116568169,0.06596361331682515,0.32162856779520277,80.0
AGUAS MORNAS,0.0467820367763086,0.8733300142402554,0.246990087861274,0.3890340462926127,0.0383650132243594,0.1860042307660587,0.6045271476567604,0.2114983745018198,0.432312919597005,0.1031219186551144,0.4067149582572274,0.2549184384561709,0.042873315932794635,0.208888651209114,176.0
ALFREDO WAGNER,0.0677683299065939,0.8842699457878772,0.1817783241843722,0.3779388666262811,0.0266295042708977,0.1345532662138924,0.5999234896324207,0.3958488464131803,0.4445811331325092,0.0340898624571548,0.1751936859663361,0.1046417742117454,0.01758238070062477,0.08540397359595382,273.0
ALTO BELA VISTA,0.0842102279570186,0.8295601350787136,0.3881558012732283,0.4339753881029868,0.5658595311084358,0.636497506657067,0.1702630257882291,0.6361584239688076,0.5693460642688509,0.1041223815199717,0.1744479153551362,0.1392851484375539,0.034414878006979586,0.16758976404690187,203.0
ANCHIETA,0.1054401168794844,0.8625059954470456,0.2891412392329603,0.4190291171864967,0.1999920362073315,0.7282671689157886,0.3628742512986213,0.9311512415349888,0.7433612080120857,0.1566653121655661,0.2429887801170578,0.1998270461413119,0.062244124752956514,0.3034679168750688,93.0
ANGELINA,0.0242523960507376,0.902503307163615,0.2080503895871068,0.3782686976004865,0.0393363092406196,0.1713472959886734,0.5084239128935357,0.3041760722347631,0.3821224052414668,0.0460838715160574,0.2242801883618458,0.1351820299389516,0.019539879022311465,0.09496158967312902,263.0
ANITA GARIBALDI,0.0220606166338916,0.9298051014653256,0.1337390941397288,0.3618682707463153,0.371582356475908,0.4310241812342957,0.41998201245224,0.5720936794582394,0.5103821184317051,0.0941106930044562,0.1199619424962195,0.1070363177503379,0.0197686546890532,0.09607860212023714,262.0
ANITAPOLIS,0.1597386179159897,0.9183449513316052,0.1099401745015828,0.3960079145830592,0.0403021099470282,0.1689326316749994,0.6380462011957403,0.3151036322593881,0.4643211724825146,0.1012750052546971,0.1692254848100569,0.135250245032377,0.02486911976365752,0.12098196293441374,247.0
ANTONIO CARLOS,0.2164718739605768,0.5679476978374107,0.0491226555660232,0.2778474091213369,0.0592105200348656,0.2165018257980571,0.5629788459131365,0.1956463401158657,0.4107816144393089,0.247223689603607,0.2755306332465273,0.2613771614250672,0.02983217967294725,0.14521443386707766,231.0
APIUNA,0.1282928460907196,0.8226873746768121,0.0357370952985964,0.3289057720220427,0.1054454679893722,0.1981361415596451,0.2917109802360823,0.4490994332980788,0.3550987195344366,0.3473980988715863,0.5381255392915058,0.442761819081546,0.051711932085588636,0.25204378391397114,132.0
ARABUTA,0.2158152488378621,0.6278603941012868,0.4458605037572062,0.4298453822321184,0.3684133229080047,0.6804540850767967,0.1698900383798437,0.7167189469672537,0.6002940226501142,0.2497685030721156,0.2329234157517674,0.2413459594119415,0.062275370039092635,0.3036204740679931,92.0
ARAQUARI,0.2136926711488058,0.0,0.0251265046523462,0.0796063919337173,0.0933630109191401,0.4978474091115529,0.32969869665834,0.2359382870361732,0.3935296300214272,0.5251654708570068,0.5990757331313058,0.5621206019941563,0.01760981852417133,0.08553794059891162,272.0
ARARANGUA,0.0830704108355054,0.8721312316289679,0.0307454557428745,0.3286490327357826,0.5524973942762416,0.0402490039968701,0.7287602276661188,0.4584203474125129,0.5868709855020273,0.1152783329880378,0.2967315670943149,0.2060049500411763,0.039733118572664386,0.1935564282170538,185.0
ARMAZEM,0.1597386179159897,0.8875900080830071,0.2461047740718586,0.4311444666902851,0.2466006211988116,0.1441138208351146,0.776481730702339,0.2509063547438263,0.5655036812861809,0.3473221356347378,0.5167643058370396,0.4320432207358887,0.10533809210147863,0.5138770858620452,10.0
ARROIO TRINTA,0.026767343284812,0.86542665651149,0.2414026338659318,0.3778655445540779,0.1156032417807454,0.2259690806401243,0.3882667973430275,0.7395854709624462,0.553470809322016,0.1668343981425064,0.4583582896293807,0.3125963438859436,0.06537563311140974,0.318757715237078,85.0
ARVOREDO,0.0627116022845889,0.6968482471294726,0.2052391572015488,0.3215996688718701,0.4400848712761511,0.8341114547804438,0.0617897808985514,0.6949517750872152,0.6709229626455171,0.0662094608514728,0.1890947185904735,0.1276520897209732,0.02754331302129794,0.13403888982397275,236.0
ASCURRA,0.0734217629743956,0.8925951622826185,0.0177327242794569,0.3279165498454903,0.1088609087411415,0.1886975891157991,0.2186924300921198,0.4561871537040833,0.3496483370586847,0.3785177477556402,0.6632657421833974,0.5208917449695187,0.05972309114495908,0.29115880218722906,101.0
ATALANTA,0.0513935094632667,0.8551215842991587,0.2840151799913297,0.396843424584585,0.0817271294354188,0.1051000169045611,0.3468195977155471,0.5145085163143851,0.3882736657034316,0.1200336463614179,0.3442607893516808,0.2321472178565493,0.035770137366611006,0.17420690823591672,199.0
AURORA,0.1486584957553785,0.7388138131510862,0.1860717726751317,0.3578480271938655,0.0808500779831126,0.1408688996047142,0.3124207279177013,0.4944387441001432,0.3757916782507805,0.3832461426130943,0.3453821225425596,0.3643141325778269,0.048991620484176754,0.23876168113588161,140.0
BALNEARIO ARROIO DO SILVA,0.1326039489334972,0.985408578582007,0.0010724305356696,0.3730283193503913,0.598456610085816,0.0353984096688539,0.8138385440655621,0.4022162938641493,0.6381580042433287,0.0351308249336848,0.0939256891470896,0.0645282570403872,0.015361016620228027,0.0745580153579076,276.0
BALNEARIO BARRA DO SUL,0.3029757113521111,0.9732052510585304,0.0021320401813319,0.4261043341973244,0.0743818235223544,0.5122061901696766,0.5375907224932815,0.2167863738969832,0.4364160000069277,0.0238147843012763,0.096171874680017,0.0599933294906467,0.011156284507385381,0.054028130454970826,283.0
BALNEARIO CAMBORIU,0.0343938654834276,0.7601498930748979,0.0,0.2648479195194418,0.1179055018430491,0.3367639389617639,0.7919687187092468,0.4403857993022775,0.6068623542066656,0.1306054244944481,0.2838711913994114,0.2072383079469298,0.03330863235123822,0.16218844587079811,210.0
BALNEARIO GAIVOTA,0.1309398747939981,0.9823665531588266,0.0117518999613386,0.3750194426380545,0.4972987746101878,0.0530255772591891,0.733172766666966,0.2578493741021955,0.5592546949133003,0.048291237818083,0.1716699367378441,0.1099805872779636,0.02306638078064162,0.11217996964729972,258.0
BALNEARIO PICARRAS,0.1597386179159897,0.6978499918743144,0.0223534283709164,0.2933140127204068,0.105846044373839,0.3762572676680645,0.598604994394271,0.3625076954648056,0.479704497434758,0.1361487164447454,0.2798646257144215,0.2080066710795834,0.029267381268946256,0.14245676800006868,232.0
BALNEARIO RINCAO,0.1597386179159897,0.949859758455234,0.0063939161017524,0.3719974308243254,0.8350321033927826,0.1265979228978837,0.8389761918788688,0.469012928380874,0.7031904892582356,0.0682602544562226,0.1730763212261409,0.1206682878411817,0.03156502075804776,0.1536751460069868,218.0
BANDEIRANTE,0.1533968693699982,0.8751658398819964,0.2371296426899935,0.4218974506473293,0.5170422208077502,0.924022564387218,0.1355168250213722,0.9253320043387764,0.7754052039887778,0.1159416080702367,0.1568700746001797,0.1364058413352082,0.04462400864883981,0.21743652512741662,165.0
BARRA BONITA,0.0734124592955532,0.8836935528280114,0.3771938348185892,0.4447666156473846,0.3384017185244022,0.8505166956068542,0.2643298756717156,0.922121896162528,0.7579822213269515,0.0489745022933849,0.3050856087048538,0.1770300554991193,0.05968129061795409,0.290954708326963,102.0
BARRA VELHA,0.3445266723506048,0.8110081275996917,0.0171859887350043,0.3909069295617669,0.1005700317310596,0.4164123726134534,0.5514764214324214,0.3238764621383129,0.4497801217056166,0.0915083038058071,0.1881375015236456,0.1398229026647264,0.02458396565239716,0.11958967897275687,251.0
BELA VISTA DO TOLDO,0.0350456658409792,0.846128438603697,0.3998576356010163,0.4270105800152308,0.1696780002884512,0.0858303516136295,0.1923723114965404,0.8239065363685896,0.5709266681551961,0.0091340594814286,0.0802019645526709,0.0446680120170498,0.010889691823236021,0.0527264738988172,285.0
BELMONTE,0.2512495510703525,0.9198340278470968,0.2855906913409565,0.4855580900861353,0.5985022898489568,0.9461470706898624,0.0786748796333688,0.901805869074492,0.7887147990007662,0.0242080469665726,0.2096825431688296,0.1169452950677011,0.04478617144110146,0.21822829577328065,163.0
BENEDITO NOVO,0.01531607144318,0.8464819417164151,0.0345766673974741,0.2987915601856897,0.0809481692639626,0.1458616671412985,0.1694025268445453,0.5167248101785346,0.3724795517678099,0.4255031104455704,0.5961117005147697,0.5108074054801701,0.05684966984984492,0.2771291311206317,112.0
BIGUACU,0.0948252975676764,0.853069834906083,0.0157573560821619,0.3212174961853071,0.0840415707678934,0.2407993587484509,0.616639835938433,0.1870852999521171,0.4493906761450783,0.1571116267240737,0.2725222525927471,0.2148169396584104,0.031009286623588494,0.15096173704040017,222.0
BLUMENAU,0.1050973250855588,0.7397038545721776,0.0029656726472939,0.2825889507683434,0.1255187956998737,0.303992879145652,0.2115962702065967,0.3786852725904643,0.3168167885005555,0.263498625287721,0.3111542374903475,0.2873264313890342,0.02572402619539475,0.12515610059058896,244.0
BOCAINA DO SUL,0.0393228485379028,0.875871570361152,0.1682165053961972,0.361136974765084,0.0585283354402662,0.0872956839065245,0.5025781483517973,0.5017736214124476,0.3950610478147781,0.0743663056924111,0.2622343689604493,0.1683003373264302,0.02401160295034622,0.11679507991614879,254.0
BOM JARDIM DA SERRA,0.0677025583259052,0.66413004077935,0.3176773947457422,0.3498366646169992,0.0166563068411392,0.1544498607891435,0.6459307528373995,0.3731787399958959,0.471742333976647,0.029947757016748,0.2017474616725651,0.1158476093446565,0.019118651251373044,0.0929049169950116,267.0
BOM JESUS,0.0007165957608246,0.7456393664648209,0.2364105706616785,0.3275888442957747,0.0727738958597931,0.7703885755332163,0.3209743155611074,0.921403652780628,0.7213943813571572,0.0683824810021475,0.2149296703703567,0.1416560756862521,0.03347627028483384,0.1630069492592952,208.0
BOM JESUS DO OESTE,0.0247016732736594,0.8458329596492216,0.3748391515951827,0.4151245948393545,0.2295468429595246,0.6995603517182538,0.3012327836591638,0.8668171557562077,0.6955532196397476,0.0874934259701533,0.1824594446473514,0.1349764353087523,0.03897326444807024,0.18984638978837654,189.0
BOM RETIRO,0.0763024678650172,0.8130903900386937,0.3608611394892628,0.4167513324643246,0.0259401176500217,0.1366038314172416,0.5716022793915441,0.4425675310788771,0.4328903596379826,0.0865345098638299,0.2544497270825381,0.170492118473184,0.030758079741803654,0.14973520269018165,224.0
BOMBINHAS,0.0745610199330579,0.847376043845619,0.0015729301856172,0.3078366646547647,0.1051151681635838,0.3412011953217679,0.9053926556799308,0.313154114508516,0.6608042195491902,0.1088801510711546,0.3913149318153479,0.2500975414432512,0.050874783591607145,0.24795635057294724,137.0
BOTUVERA,0.775011715172209,0.5693789808540858,0.0432767517154259,0.4625558159139069,0.1052065276898657,0.2485952602470602,0.3657969624340305,0.3767699569053968,0.3254310668622425,0.7764553439238581,0.5962902014622208,0.6863727726930394,0.10331971588780824,0.5040222294180601,11.0
BRACO DO NORTE,0.1597386179159897,0.7586044675654083,0.1629171175636339,0.3604200676816773,0.1631035511181465,0.1053794812032796,0.6934685580842193,0.3686360838012796,0.5130577383179753,0.4063307606995302,0.463745742308386,0.4350382515039581,0.08044566590135402,0.39233815516952264,34.0
BRACO DO TROMBUDO,0.6133914718604431,0.7438305269591423,0.0669110281085747,0.4747110089760533,0.0751492435431223,0.0993170984076782,0.2570640256729508,0.548122306587318,0.3965177375700426,0.401872474673273,0.3560213658726678,0.3789469202729704,0.0713296848027614,0.34782876962273945,62.0
BRUNOPOLIS,0.0480984836400439,0.7944585154421984,0.7221053963685246,0.5215541318169223,0.1221689464028709,0.3519743306028753,0.419385809236763,0.6287707777549767,0.504672871877174,0.1050502232456959,0.1019117118099605,0.1034809675278282,0.027237662312400573,0.13254652985768664,237.0
BRUSQUE,0.1718162757952143,0.6929832262041402,0.0016749861105869,0.2888248293699805,0.1269843547673124,0.297697179881281,0.3813204321895432,0.3638928791298993,0.3368970718407761,0.3878930580015707,0.524447326225948,0.4561701921137593,0.04438729353024659,0.21628074777725906,168.0
CACADOR,0.4347781456874637,0.7196248255195581,0.0411651974228799,0.3985227228766339,0.1084662355876038,0.1282706635367907,0.2979806812289944,0.7543361379027292,0.5382997837333794,0.3755075580679736,0.2391544887693751,0.3073310234186743,0.06593009422806699,0.32146490860936433,81.0
CAIBI,0.0345855513371743,0.7804318359444402,0.2932715207028467,0.3694296359948204,0.8024441603680307,0.8871103318713375,0.0618689675809563,0.8171557562076748,0.7646275679391686,0.192959888564592,0.3393451846944025,0.2661525366294973,0.07518172631915043,0.3666366191718839,45.0
CALMON,0.0026921657743831,0.8858251167064196,0.5768405011554912,0.4884525945454314,0.102369161830768,0.0853551979259216,0.2188709091954391,0.7745184837735627,0.5348984609774927,0.1194755137936302,0.3072254664611338,0.213350490127382,0.055742624696845024,0.2717239093458545,116.0
CAMBORIU,0.053564333859047,0.950189063548576,0.0028699989555983,0.3355411321210738,0.1206462876315059,0.3308012498341904,0.5958452497748775,0.3995298770591199,0.4787754579249005,0.1149897671631038,0.2915987038741118,0.2032942355186078,0.03265898701472878,0.159016509198416,214.0
CAMPO ALEGRE,0.0985774761251716,0.7349622230435021,0.065057510849183,0.2995324033392856,0.060755042624486,0.3767659954745878,0.1227264497432713,0.5274870602184372,0.3997103486168163,0.7307962942309016,0.335500170483851,0.5331482323573763,0.06383181262236245,0.3112199087608626,89.0
CAMPO BELO DO SUL,0.05441372599808,0.8064987601980963,0.3843353099487108,0.4150825987149624,0.3184396620318082,0.3601788579625109,0.3830424228922481,0.5404154410926417,0.470467268543722,0.1331450810492589,0.1610584369186727,0.1471017589839658,0.02872643991322265,0.13981558576200778,234.0
CAMPO ERE,0.0595607032534314,0.8066271848421136,0.3307800812998452,0.3989893231317967,0.0840732420703378,0.6153735131955441,0.4308195640018047,0.9437307613379844,0.7311150157447012,0.2065652186515542,0.2682060972640584,0.2373856579578063,0.06924707836622301,0.337660304832876,67.0
CAMPOS NOVOS,0.1684411007779267,0.6174573793874666,0.359437634366247,0.3817787048438801,0.2905626883774552,0.3769876555032261,0.3917987216609535,0.6362552657731088,0.5300781743008973,0.2799514077867757,0.194763112928317,0.2373572603575463,0.04803459614032594,0.23408894596482147,148.0
CANELINHA,0.2829188673189165,0.9207425651928476,0.0146567293816324,0.4061060539644656,0.1232652607182536,0.2922046788253503,0.4800262629853725,0.307408167453314,0.3903761777404725,0.2320727898349081,0.6825239909171074,0.4572983903760077,0.07249740205888214,0.35353022698648207,56.0
CANOINHAS,0.2888646691430361,0.8319908970776426,0.1302175297603079,0.4170243653269955,0.2468137934268027,0.0936228768048697,0.1910667217218794,0.8425610506874612,0.5930385806738573,0.1324889138847079,0.1722059911618244,0.1523474525232661,0.037677282751244115,0.18351867274050837,194.0
CAPAO ALTO,0.2296870948351922,0.5495454198466367,0.5006481877743207,0.4266269008187165,0.2230577063213305,0.2490319580024193,0.4568990207885501,0.4967078068658203,0.4265659649301752,0.1437009009010414,0.1621274043163591,0.1529141526087002,0.027828007992852285,0.1354289320054006,235.0
CAPINZAL,0.1772104136795788,0.7656653213645224,0.0776018791122327,0.340159204718778,0.485131643413574,0.4245575138949031,0.3113540265934392,0.6502301310427719,0.559024229889472,0.5169734170034812,0.2713965548823788,0.39418498594293,0.07495712797422174,0.36554000277706233,48.0
CAPIVARI DE BAIXO,0.0486460186218514,0.9377855564254824,0.0108817561345753,0.3324377770606364,0.4672643303450148,0.340555785395177,0.8768763601400945,0.1744305356043499,0.6708290565056269,0.1629046627661924,0.236885968975106,0.1998953158706492,0.04457843857182047,0.21721402618786054,166.0
CATANDUVAS,0.2332304812841107,0.7634631321090446,0.0793377253345558,0.358677112909237,0.0929394349336513,0.3864324796714917,0.3977680851272623,0.7370109881909594,0.5702743675859003,0.1973582704935165,0.3708017245049645,0.2840799974992405,0.058106962337428174,0.28326794552466295,107.0
CAXAMBU DO SUL,0.3516365898865953,0.8138996833231077,0.250704458824876,0.4720802440115263,0.9007424426710352,0.7455405571300362,0.0540772255727548,0.6804843012517954,0.7479767871637204,0.1062147218331506,0.1708525575804769,0.1385336397068138,0.04891692974242424,0.23839699860906602,141.0
CELSO RAMOS,0.0405200325166469,0.9098369493999218,0.1896620936789919,0.3800063585318535,0.4359736925934659,0.4405915361222979,0.4255382351928429,0.5943977016211776,0.5342614965018118,0.0690272352464395,0.2598270491361332,0.1644271421912863,0.03338245317852716,0.16254888098224138,209.0
CERRO NEGRO,0.0339204058844616,0.8529700618804438,0.234399541995479,0.3737633365867948,0.3367246186490846,0.4002734280480166,0.3893572041488706,0.5592330919644686,0.4903150888335393,0.017670813685034,0.1465665850464463,0.0821186993657401,0.015049220953513978,0.07303565222534972,277.0
CHAPADAO DO LAGEADO,0.0626096421385565,0.8334296966418026,0.390812888509507,0.4289507424299554,0.0650474902085242,0.1189106538963073,0.5092387455641673,0.46325232329747,0.3991755244028922,0.0146593446302021,0.0796282733890358,0.047143809009619,0.008072275898133722,0.03897025278561356,291.0
CHAPECO,0.1408372820664986,0.7381924877337962,0.0140039702043026,0.2976779133348658,0.6743514601916301,0.7370982763074305,0.0311515485047748,0.6024662798723952,0.6241825837632441,0.2867357681884701,0.3087885065848538,0.2977621373866619,0.055325803833572725,0.2696887536882595,118.0
COCAL DO SUL,0.0777848148644565,0.7689235657505806,0.0147216261548204,0.2871433355899525,0.2839971206235339,0.1053531246514942,0.6648795090434645,0.6078391134824542,0.5401983629968505,0.40204931466289,0.4534026131907572,0.4277259639268236,0.06634643907766978,0.3234977400984784,78.0
CONCORDIA,0.1898067069231596,0.7464018629034888,0.1059437705388408,0.3473841134551631,0.4187800422112279,0.6214382228922576,0.2259588525861992,0.6863543302201497,0.587243596098804,0.2743663171906209,0.2652397293868766,0.2698030232887487,0.05503957285248046,0.26829121183784516,119.0
CORDILHEIRA ALTA,0.2269636656999781,0.5330695641127072,0.1340179964501061,0.2980170754209305,0.5275981615015782,0.7574692598945263,0.0640676370003802,0.6915657705725424,0.6338222335683915,0.3318151610871193,0.6552713446266066,0.4935432528568629,0.09322531020348072,0.45473562059229816,17.0
CORONEL FREITAS,0.0852026671220756,0.8493330708739424,0.2852934350492145,0.4066097243484108,0.52488727519445,0.6875475978960278,0.1420873792589573,0.767345111281085,0.6489059760943575,0.2174777525797354,0.3906648911172286,0.304071321848482,0.08022966831588314,0.3912835325562329,35.0
CORONEL MARTINS,0.0427026794156829,0.9009194380496202,0.3929263231288359,0.445516146864713,0.103434152879997,0.5135652544891107,0.3946911646441155,0.9631848963677404,0.7284518817314907,0.0092985492066772,0.1097060815396224,0.0595023153731498,0.019310707418189906,0.09384264403536371,266.0
CORREIA PINTO,1.0,0.840029062503482,0.0942731900488094,0.6447674175174304,0.0895674378727014,0.1438535996932315,0.394295222125491,0.5676547954405536,0.433248779611774,0.2077633180778417,0.1990960957164151,0.2034297068971284,0.05682700978777049,0.27701849185663185,113.0
CORUPA,0.1159200797991332,0.7382617310638195,0.140643412719019,0.3316084078606572,0.0522049510854693,0.2092123223164767,0.1417787900462095,0.5190114625780539,0.3747816720423031,0.4294355876121214,0.3835821868683575,0.4065088872402395,0.05052123083558376,0.2462301056675687,138.0
CRICIUMA,0.1166717111400671,0.7956024985882021,0.0040426212753961,0.3054389436678885,0.4566666252963151,0.0795657159179924,0.6583954589410033,0.576441617073671,0.5505814066241244,0.2195612399199924,0.2631583911127481,0.2413598155163702,0.04058923959817025,0.19773649620829073,183.0
CUNHA PORA,0.2028645077748173,0.5882282804515769,0.2374319758021899,0.3428415880095281,0.4961339406500936,0.8296695427694796,0.1588348824797608,0.8097681099938436,0.701635580871387,0.2215663709230454,0.3238590869831993,0.2727127289531224,0.06560100788355716,0.3198581225895655,84.0
CUNHATAI,0.0075008353387593,0.8116277506501604,0.4096292219014575,0.4095859359634591,0.6664737774026867,0.8146728825394712,0.1244396635251253,0.750974758875436,0.7019065765625755,0.093922138139384,0.229833912872758,0.161878025506071,0.046538485486675725,0.22678408594111563,158.0
CURITIBANOS,0.5367701317953382,0.8325831500079927,0.0862417333384673,0.4851983383805993,0.0919379000198658,0.2609380132923315,0.4079465633680249,0.6254632368030323,0.486017332586923,0.1677289700537656,0.2229907716210864,0.195359870837426,0.04606874929843598,0.2244905676810935,160.0
DESCANSO,0.0950902694664521,0.8584794721690591,0.3242433519677425,0.4259376978677512,0.6178933493022891,0.9665329622600694,0.0832808246399247,0.8779499281756618,0.8014736141772778,0.0550413352730873,0.2141674023439751,0.1346043688085312,0.045950946810705516,0.2239153891799473,161.0
DIONISIO CERQUEIRA,0.0533728045249136,0.8576584253804955,0.1862098302280979,0.3657470200445023,0.2514639933145511,0.7526323599908619,0.3654952994405319,0.9756207674943566,0.780961936277216,0.0387660794314345,0.1337254399274676,0.086245759679451,0.024634764526092024,0.1198377078607255,249.0
DONA EMMA,0.0942209975159944,0.8639100231542584,0.1292890836434282,0.3624733681045604,0.1336802467143896,0.0861083085323223,0.146572059790344,0.5888227648949996,0.4138093049390068,0.3913232644177379,0.7370931032450001,0.5642081838313691,0.08462832332111843,0.41276025891161455,29.0
DOUTOR PEDRINHO,0.0303712222633087,0.8298222404109169,0.0724884466794142,0.3108939697845466,0.0688021606645907,0.0864638504104558,0.176514764440609,0.59254538974154,0.4118134655279195,0.3733818645917004,0.922972964555484,0.6481774145735921,0.08298636381962296,0.4047432821634345,32.0
ENTRE RIOS,0.1597386179159897,0.9694168695625014,0.1053802589537136,0.4115119154774015,0.2080773542832793,0.6450548273745805,0.2723132084341048,0.8746152267596962,0.6873151904863057,0.0028138096700978,0.0375617798027656,0.0201877947364317,0.005709883372485256,0.027435713760169553,293.0
ERMO,0.1597386179159897,0.5546251663540342,0.2881431137747424,0.3341689660149221,0.3505068557567533,0.0180017830616558,0.548652189261597,0.3931869484916888,0.4381195667022604,0.461590301119532,0.3503683146704731,0.4059793078950025,0.059437791366344514,0.2897658069950025,104.0
ERVAL VELHO,0.1175821022865374,0.82375809161666,0.2624110346878655,0.4012504095303543,0.2770704074490702,0.3742616242125671,0.3763053614107838,0.669290897897506,0.5467614853199938,0.1075571768109554,0.3770814794800982,0.2423193281455268,0.05316201816519503,0.259123925886094,124.0
FAXINAL DOS GUEDES,0.2802313705221225,0.7066769760448894,0.2736489904333417,0.4201857790001178,0.0715862220181284,0.7286116714102918,0.294909388345863,0.8688692797044942,0.6799317100370943,0.2326766216556725,0.2050832626747474,0.2188799421652099,0.06253348187999866,0.30488072234152774,91.0
FLOR DO SERTAO,0.167029357295578,0.8147727882202509,0.2225024843991438,0.4014348766383243,0.4113523002604953,0.8608566621350318,0.2017525722073522,0.8918530679253024,0.7416533592786739,0.2534895298088064,0.1334916729542759,0.1934906013815411,0.05760709083833585,0.28082728960004905,110.0
FLORIANOPOLIS,0.0348415771131491,0.7929827314144112,0.0005583560118561,0.2761275548464721,0.0655476520390445,0.2163745964357721,0.9201788504695166,0.0682629101765486,0.6188849263748686,0.0636982481629328,0.1023516705360869,0.0830249593495099,0.014188233393178207,0.06883182305331628,279.0
FORMOSA DO SUL,0.0857923231353431,0.8867328542914279,0.2836198329475141,0.418715003458095,0.1421614560708922,0.5833304796656957,0.2939206617738868,0.9098091524728096,0.6960572949843153,0.0326295147020124,0.1743587899617446,0.1034941523318785,0.030163332681280325,0.14683131051079398,230.0
FORQUILHINHA,0.1597386179159897,0.839954228637433,0.0660472065317851,0.3552466843617359,0.4847444530402841,0.0302450881104125,0.641005186714889,0.5602298378822081,0.5350306640759188,0.359427954876146,0.3234833063113541,0.34145563059375,0.06489974421689425,0.316434155978416,87.0
FRAIBURGO,0.5383108839380193,0.8442665956400957,0.1937591312950667,0.5254455369577272,0.1078233255497971,0.2060644156080741,0.3984993321373396,0.6943361379027293,0.5230084703511072,0.1677478849681506,0.2256567012342616,0.1967022931012061,0.054056242340641526,0.26349003504754753,122.0
FREI ROGERIO,0.0327124117027584,0.8455670743970838,0.5359762388235945,0.4714185749744788,0.103721935387785,0.2937392579779976,0.4581752265308193,0.6581674533141799,0.5183092108084377,0.0393599154970371,0.051321949584108,0.0453409325405725,0.011078630187957845,0.05364897806255232,284.0
GALVAO,0.1320014745670907,0.83371750440489,0.3102590616865274,0.425326013552836,0.0821186702623412,0.4689809619357954,0.4240553031040546,0.9900618568790126,0.7406830274621568,0.0971040244472193,0.2495538343893125,0.173328929418266,0.0546041175855205,0.2661650724617455,120.0
GAROPABA,0.0550250093614176,0.9139957434000404,0.0040050986070335,0.3243419504561639,0.1022830228488451,0.2002893110774515,0.9484946596575874,0.0,0.6306307040267792,0.0954435983082785,0.159231709099569,0.1273376537039237,0.026045642741410795,0.12672641482117275,242.0
GARUVA,0.2780581743033113,0.551888057737969,0.0519543310617672,0.2939668543676825,0.0696915048861083,0.5735504719259202,0.0044923356617147,0.2607268087688147,0.4003328761182799,0.2671623103390081,0.3085894045089232,0.2878758574239657,0.03387855406328456,0.1649711266309491,204.0
GASPAR,0.1183786691373889,0.7354378941193277,0.007738293767447,0.2871849523413879,0.1364645370391712,0.3198643467330125,0.2841383192814681,0.3776494385975196,0.3285892995051562,0.3974725912383142,0.6360677241748883,0.5167701577066013,0.04876548222314242,0.2376575459979961,142.0
GOVERNADOR CELSO RAMOS,0.1493917982252875,0.8865229013714857,0.0068468928274302,0.3475871974747345,0.0856555890655403,0.2626925338931264,0.751298626469201,0.1801764826595523,0.535627217245528,0.0520031530205398,0.2006152119977212,0.1263091825091305,0.023515885302531316,0.11437470544736623,256.0
GRAO PARA,0.1597386179159897,0.7599783858447485,0.5004847082650923,0.4734005706752768,0.0603812448241431,0.1313914920068336,0.6351414951191705,0.437488683139991,0.4756211119458525,0.4051357912645815,0.4611329494325685,0.433134370348575,0.09752423415463092,0.47572540342626934,13.0
GRAVATAL,0.1597386179159897,0.8982243968173913,0.0320548625617135,0.3633392924316982,0.3072024402991352,0.2014291990931525,0.8018394574772706,0.276626308229017,0.5993069043759572,0.1791691961671819,0.4766384093598066,0.3279038027634943,0.07140162576374268,0.34818002616159033,61.0
GUABIRUBA,0.1904816592931393,0.7793771597634984,0.0053638316170712,0.3250742168912363,0.125853780629574,0.2892112683039503,0.3246291640081568,0.3708187974553659,0.3242235250273139,0.4599367800739462,0.8016745941544812,0.6308056871142137,0.06648484312237697,0.3241735070752285,77.0
GUARACIABA,0.0344112368995127,0.7982575906579354,0.4070322658141413,0.4132336977905298,0.3236167018544489,0.8336156238199611,0.2505207122717917,0.9427457418428072,0.7651852183950298,0.1986078771911129,0.2962854453637041,0.2474466612774085,0.07824271280877061,0.38158208980707786,40.0
GUARAMIRIM,0.1902040160503212,0.7480760188915894,0.0240940452741658,0.3207913600720254,0.0896121593191331,0.4513510808637888,0.1035336638420379,0.2951901371765928,0.3431364205820885,0.3690276099878575,0.400010922276306,0.3845192661320817,0.042326034757577666,0.20621651437965202,178.0
GUARUJA DO SUL,0.4272487239668956,0.8108296830858194,0.193061961773679,0.477046789608798,0.2431594123755269,0.7605118263240338,0.3675700145826303,0.9630617689308432,0.7733187622420509,0.2106219278463399,0.4003004363264559,0.3054611820863979,0.11268745035561227,0.5497608175763605,8.0
GUATAMBU,0.2120370359500838,0.7176954964205118,0.478310756794547,0.4693477630550475,0.7967067821175277,0.6838016466682326,0.0454000559723436,0.6107120870100552,0.6654309625297837,1.0,0.3121288378765081,0.6560644189382541,0.20490107735582425,1.0,1.0
HERVAL D'OESTE,0.1480227739622235,0.915235020776201,0.0429046477737788,0.3687208141707345,0.1707815845926627,0.3697758792261377,0.4122629544043079,0.6899556425515793,0.5503248288726256,0.1659869641641088,0.1819169121460413,0.1739519381550751,0.03529766957124111,0.17190005272194422,200.0
IBIAM,0.0246854549328181,0.8566594154987945,0.3560397959247089,0.4124615554521072,0.1776546320314083,0.3139104452488327,0.3962279831043335,0.6759285860865998,0.5334294988521967,0.1103132160290787,0.3570091754470851,0.2336611957380819,0.051409940202634265,0.2505692884093139,133.0
IBICARE,0.1055295746710569,0.8163270128669727,0.3005165115457194,0.407457699694583,0.1337335397713874,0.3366361603187208,0.3857619797414121,0.7075723373691774,0.5492491708346758,0.1065355924592623,0.2850296160484716,0.1957826042538669,0.043815325270932556,0.21348807461361446,171.0
IBIRAMA,0.0555603311082108,0.8871657912514526,0.0185413942323739,0.3204225055306791,0.1239743846603464,0.1403847095336016,0.2310853872764776,0.5113599718565855,0.3815305425941692,0.3664026026532225,0.5065614230451849,0.4364820128492037,0.05336035050352518,0.2600922967523406,123.0
ICARA,0.0121320103829746,0.6716191849185762,0.033610104747851,0.2391204333498006,0.6654301705063127,0.1374114360606249,0.7639928700566344,0.5051697737927986,0.6409969663303636,0.3338531364023789,0.3553572240788846,0.3446051802406318,0.05281952178074819,0.2574516644521517,126.0
ILHOTA,0.0989160441106055,0.7347697331938969,0.0466767141074017,0.293454163803968,0.1232304570891938,0.3370709607231601,0.3871702881107695,0.3864735715751514,0.3478283037426691,0.2637037472067637,0.5657344241113905,0.4147190856590771,0.0423310671749697,0.20624108549311876,177.0
IMARUI,0.0536751916893926,0.946377087422746,0.0801512747571463,0.3600678512897616,0.1822632125794061,0.2465928503517854,0.9020047205324584,0.0943520988667714,0.6291539705575319,0.071078661511474,0.1460217248289217,0.1085501931701979,0.024590756502862954,0.11962283575295458,250.0
IMBITUBA,0.1106596722385109,0.774386404660378,0.0098293375011792,0.2982918048000227,0.1346492113870764,0.2507031009778705,1.0,0.0055220789881159,0.6738592989191329,0.072409483142122,0.1685728695678488,0.1204911763549854,0.02421953451610855,0.11781031965038768,252.0
IMBUIA,0.0459637965835261,0.8159919243750908,0.2806533586924968,0.3808696932170379,0.0481981832899634,0.1398851179046553,0.4922055220243627,0.4299199671660168,0.3848788598103061,0.0569099729660353,0.1966411037602246,0.12677553836313,0.018583860506196526,0.09029376552305561,269.0
INDAIAL,0.2115820746449179,0.77016120000765,0.0074349306852756,0.3297260684459478,0.1205466226937439,0.2691504951094017,0.2250715885361165,0.4110590825140384,0.3337580148636818,0.3625379669840764,0.5006305687228816,0.431584267853479,0.047495295409258634,0.2314557741860381,153.0
IOMERE,0.3787472478924481,0.4250347323174486,1.0,0.6012606600699656,0.1245747472616274,0.2360247331172857,0.3749964485631787,0.7268623024830698,0.5462384301696801,0.3074729150524954,0.4065114250902495,0.3569921700713725,0.11724753783474091,0.572025748749477,7.0
IPIRA,0.0628250659872102,0.9340879570495766,0.1704349802197519,0.3891160010855128,0.4690306145197981,0.5268795850329192,0.2781282113376644,0.6565428551884532,0.569594085854081,0.042188390971643,0.2306611815947337,0.1364247862831884,0.030236940374103155,0.14719070497899517,229.0
IPORA DO OESTE,0.0877205857955019,0.8224560486856427,0.2881398389685158,0.3994388244832201,0.8428737960653118,1.0,0.0244909871727963,0.8443806005882758,0.8389681729782981,0.0901600722598587,0.263478271575696,0.1768191719177773,0.05925501509348515,0.2888733896556601,106.0
IPUACU,0.1474013666331018,0.8012237823000729,0.2258870621253458,0.3915040703528401,0.082106622852282,0.7013986887272292,0.3322258455203852,0.9326114066520385,0.7223485237950111,0.4246309227217446,0.056885092452402,0.2407580075870733,0.06808693930218694,0.33199584849728336,75.0
IPUMIRIM,0.2077033613306941,0.7228356829885019,0.22787583643868,0.3861382935859587,0.1825458805154236,0.6797091440382068,0.2268968444204031,0.7774708361615813,0.6220632562227425,0.6144545623166503,0.1523060477917966,0.3833803050542235,0.09208888635531261,0.4491869553794575,19.0
IRACEMINHA,0.3630451098021594,0.7589122797742881,0.3901972814093664,0.5040515569952714,0.5117259664688704,0.8802086474391954,0.1399648881820784,0.8646282235447019,0.7396702894239534,0.0527187223133734,0.1707898389352568,0.1117542806243151,0.0416655676005922,0.2029917394472213,181.0
IRANI,0.0514416384900246,0.9151107365890456,0.162658230018236,0.3764035350324355,0.1078774503111658,0.5046320007654711,0.356431615424392,0.7578373027848532,0.5947659475531619,0.0592100393578705,0.1725464261798867,0.1158782327688786,0.02594189232621158,0.12621984650112067,243.0
IRATI,0.009886235797397,0.8921969880930362,0.1949656875884963,0.3656829704929765,0.131883509364179,0.5972954132230619,0.3114473941679817,0.9036527806279504,0.6948612774868719,0.1594570050269774,0.0879727208894885,0.123714862958233,0.03143581504902473,0.1530442905175388,220.0
IRINEOPOLIS,0.0208382345395846,0.7741186696879736,0.3603214355368861,0.3850927799214814,0.1758477436227219,0.0185210488928174,0.1294021903476871,0.8561917139795243,0.575591194095106,0.0354155613929298,0.1102909684263621,0.072853264909646,0.01614836423626606,0.07840229259176319,275.0
ITA,0.4957589881027699,0.6952045072384706,0.1874167536469312,0.4594600829960572,0.5800019857768732,0.8213074287720094,0.1010843322672161,0.6521649907654422,0.6799735565836973,0.1621622457469099,0.2857593621606802,0.223960803953795,0.06996999265399072,0.3411899820451838,65.0
ITAIOPOLIS,0.1919114187362538,0.7651226368775456,0.3679353841442385,0.4416564799193459,0.1257873373377326,0.0755373746812623,0.2577510502685139,0.7361714829393877,0.517491647123056,0.25882403852919,0.1625205902508244,0.2106723143900072,0.04814990307709588,0.2346519397720052,147.0
ITAJAI,0.097512844488483,0.1783004198758289,0.003446664896173,0.0930866430868283,0.1252845405042791,0.3274329783731874,0.5780112679357315,0.4141501839018767,0.4696155053072501,0.2030807397673688,0.2464529555647081,0.2247668476660385,0.009825667221204286,0.047531302832654644,287.0
ITAPEMA,0.0224919358736967,0.8326076188071291,0.0007538978254101,0.2852844841687453,0.1085868301622959,0.3426906156717674,0.739645520551985,0.372050071824338,0.5651943900522908,0.2786881235359461,0.6317406231208303,0.4552143733283882,0.07339930727019517,0.35793383931770795,51.0
ITAPIRANGA,0.2178401059336367,0.6730762253960665,0.2330289750432811,0.3746484354576615,1.0,0.9848574364746696,0.0333721741379961,0.8696901292838087,0.8609899674870594,0.5721687283870809,0.2259642761642303,0.3990665022756556,0.12872630070349256,0.6280715738339809,5.0
ITAPOA,0.1053555815281176,0.7600061196644949,0.0034094147785236,0.2895903719903787,0.0578822930758442,0.599688966072875,0.2416712432319617,0.119228401395444,0.4271533460084531,0.0365666545259965,0.1209057857127677,0.0787362201193821,0.009739630774649987,0.047111224145638536,288.0
ITUPORANGA,0.0943734581424283,0.7881942914714508,0.1465267175363915,0.3430314890500902,0.0798518549485799,0.1395408612287364,0.4186606741888701,0.4690939332735697,0.3729403820917544,0.1904754756754367,0.3356439995039724,0.2630597375897046,0.03365330972615635,0.16387135613614,207.0
JABORA,0.114931667670482,0.8081835647269079,0.4461125707845206,0.4564092677273035,0.1567637536882817,0.451247084158259,0.3447349900758856,0.7208427389014295,0.5696199403036968,0.1650304527310875,0.2784139729643165,0.221722212847702,0.057643300949980054,0.28100408788455983,109.0
JACINTO MACHADO,0.0003422518150291,0.7387155369287307,0.1696641927274814,0.3029073271570804,0.1259085963453431,0.0261931832343976,0.5165557494293269,0.3545906012723166,0.3861838909998365,0.1717536635186754,0.2182228724293047,0.1949882679739901,0.02280932400358709,0.11092487279336921,259.0
JAGUARUNA,0.2424524456337751,0.8646262011652847,0.0660633123199667,0.3910473197063422,0.7108592805879739,0.3086427152288674,0.8877455163056641,0.3109651822970105,0.7211493449552715,0.211386054274997,0.3512511788961738,0.2813186165855854,0.07933283968339336,0.3869047069596062,37.0
JARAGUA DO SUL,0.1489960845269687,0.660387537304338,0.0042976287420036,0.2712270835244367,0.0670781019453908,0.3314227286049093,0.0446759587332894,0.4048486735495372,0.3084275196289094,0.4162184448542014,0.3071236014768736,0.3616710231655375,0.03025519038509726,0.14727981187454314,228.0
JARDINOPOLIS,0.0525592949562065,0.8493335409391577,0.2788842377884046,0.3935923578945896,0.2620708343158791,0.652261389847697,0.2766759815318685,0.8624050892673919,0.6878792065040504,0.0959491729576619,0.458920273017717,0.2774347229876894,0.07511378631725336,0.36630489758253654,46.0
JOACABA,0.1986770369620187,0.6284609696481438,0.0540146394910688,0.2937175487004104,0.1327479110359231,0.3998174631097532,0.3868587730824139,0.7096560324551294,0.5584630386879672,0.2547151673175252,0.290441321950888,0.2725782446342066,0.04471111707121233,0.21786183780784213,164.0
JOINVILLE,0.2570630490230667,0.6805347135285371,0.0030847573149775,0.3135608399555271,0.085384660815187,0.47955919420809,0.0263953335100121,0.3040327773728566,0.3517010928423132,0.2755704028045229,0.207084874693787,0.2413276387491549,0.026613537210180532,0.1294991974308537,238.0
JOSE BOITEUX,0.0532948843941459,0.93797640479777,0.1126995525670314,0.3679902805863158,0.1164437494225388,0.0675198993021983,0.1800988594361612,0.5876110345636305,0.4127647101223813,0.1967366409618133,0.4189019289021691,0.3078192849319912,0.04675571823379074,0.22784473931349064,157.0
JUPIA,1.0,0.8670967175066098,0.2636493740915639,0.7102486971993912,0.0803567365411903,0.4473851304831034,0.3944106879685067,1.0,0.7402690693741001,0.0543003718800075,0.202411654606499,0.1283560132432532,0.06748640110235583,0.3290636806940855,76.0
LACERDOPOLIS,0.1894368306453359,0.669809614303521,0.4424366365443805,0.4338943604977459,0.2867379064119907,0.41546185121103,0.3842598250093426,0.6854093987276834,0.5641883220338475,0.1238400748234839,0.3737565903705063,0.2487983325969951,0.060905366862726594,0.29693134221068723,95.0
LAGES,0.1740166949576578,0.8300132095089083,0.0233060277152863,0.3424453107272842,0.1315736814054839,0.1278556116926429,0.5319691619547237,0.4936607214554018,0.4266169780408934,0.1542874492844111,0.2053681728881765,0.1798278110862938,0.026271581457067424,0.1278295756654464,241.0
LAGUNA,0.1043645249735099,0.9176374162731455,0.0074571262855957,0.3431530225107504,0.4186129784018458,0.383397323198883,0.9510995857170444,0.0746325078034712,0.7040175922486778,0.0666061467984745,0.1449263266803117,0.1057662367393931,0.02555161718010472,0.12431430207759404,245.0
LAJEADO GRANDE,0.0017913464532648,0.7642504700660905,0.3349869628043005,0.3670095931078853,0.2405556658764929,0.7816172287364865,0.1839661017404667,0.8316232300430947,0.670531893321115,0.1117816136750233,0.3763771303012864,0.2440793719881548,0.060065892291932176,0.2928325516445267,100.0
LAURENTINO,0.1043292345100607,0.7458288815715168,0.05268187121501,0.3009466624321958,0.0892186105905342,0.1237651816445574,0.2470340780163443,0.5351939257131134,0.3919984373521253,0.2885547239685489,0.5298170705718327,0.4091858972701908,0.048271914568982076,0.2352476690165886,145.0
LAURO MULLER,0.1597386179159897,0.9142844381295432,0.0605305377139277,0.3781845312531536,0.075579938452737,0.1118253945255502,0.6239701341738213,0.536073407405236,0.4804161764065787,0.2043840314325385,0.1906888178994523,0.1975364246659954,0.035889596230594095,0.17479017410455974,198.0
LEBON REGIS,0.0470071493069448,0.8787948772163827,0.2605384752157486,0.3954468339130254,0.1001123205043873,0.1525417564905478,0.3723688621370142,0.7258690744920997,0.5317960389490559,0.100904382550042,0.1874831194394788,0.1441937509947604,0.030323521888693312,0.14761344499704024,227.0
LEOBERTO LEAL,0.0418457039578627,0.8281549880879862,0.3266461363184511,0.3988822761214334,0.0538356034705344,0.168697294680984,0.4889215620592952,0.3902656896947162,0.3821757997678389,0.0070814771833554,0.0658990636626419,0.0364902704229986,0.005562691873087875,0.026717041449967133,294.0
LINDOIA DO SUL,0.1571711183856054,0.8614725566467456,0.2941356618457428,0.437593112292698,0.1271023608220932,0.6109464994675943,0.2878988131397669,0.772829878924687,0.6112621335066112,0.0506056991273691,0.2714015746859394,0.1610036369066542,0.04306591282258216,0.20982901836542456,175.0
LONTRAS,0.0625709664843561,0.8572091068808059,0.0717872006934417,0.3305224246862012,0.1152643809923543,0.1638983997381492,0.2796448312743473,0.4861668190213232,0.3737052133889333,0.3054896177969816,0.5934440610670597,0.4494668394320207,0.0555172240591241,0.2706233757029798,117.0
LUIZ ALVES,0.1705692537286309,0.5986843895142218,0.1618239942136072,0.3103592124854866,0.113167857837288,0.3720722340281409,0.3078020956931639,0.3582422092580103,0.3299466666161459,0.512856634563039,0.5820337295599608,0.5474451820614998,0.05605947475236687,0.2732709508687816,114.0
LUZERNA,0.1175639804278011,0.7845331407331783,0.1183772741239833,0.3401581317616542,0.1087695492148596,0.377454229484479,0.4275744768050786,0.720500718243382,0.5645377308401659,0.3388299023313503,0.4646802826678781,0.4017550924996142,0.07714987403072131,0.37624623160524573,42.0
MACIEIRA,0.0575022224078511,0.8852604310659624,0.4445148119001418,0.4624258217913184,0.0926119644238617,0.1924353603381174,0.393572837701125,0.7551522969130193,0.5567977058785251,0.1133116064260722,0.3585500398608425,0.2359308231434573,0.06074691077058807,0.2961576697753287,98.0
MAFRA,0.1238131346615848,0.7852163015150089,0.1646871209053604,0.357905519027318,0.2102033151516229,0.1340479393436354,0.2839955247956249,0.7885036688648427,0.5713456404518871,0.1638158389309187,0.2112892732676825,0.1875525560993006,0.03835220170202618,0.1868140095197638,190.0
MAJOR GERCINO,0.0144574992149707,0.9468413060276758,0.1111318497594597,0.3574768850007021,0.0608362510922921,0.1987830989471012,0.4701521012707648,0.3121964566659826,0.3653220391324,0.1513600083400308,0.4148358061039898,0.2830979072220103,0.03697094034745891,0.1800699088567207,197.0
MAJOR VIEIRA,0.3033454776353684,0.8022160630156308,0.3337523080501036,0.4797712829003675,0.1317570115585579,0.0938214239756963,0.2273821640074388,0.8063584271259215,0.5605940918964126,0.0831824636857868,0.1505187303096103,0.1168505969976986,0.031427779783374334,0.15300505779722748,221.0
MARACAJA,0.042712956120087,0.8551465468259277,0.0599430504525313,0.3192675177995153,0.5639227091512595,0.0317726058512306,0.6724811651111616,0.5212394828647647,0.5599175779278829,0.1885862306562798,0.3056063291230977,0.2470962798896888,0.044171794663111594,0.21522856018949765,169.0
MARAVILHA,0.1529792521625234,0.6428201759139982,0.0601271060700618,0.2853088447155278,0.3378383347789972,0.7852085683984409,0.2304340396991376,0.8535467542239551,0.7026518392495439,0.3944148802972067,0.2938076915852646,0.3441112859412357,0.06898494766828818,0.3363804342219299,70.0
MAREMA,0.0002573481425629,0.828138213813111,0.544623294562749,0.4576729521728076,0.3634799084887824,0.6723974884731079,0.2134555333279543,0.8226085426988359,0.6702969554730029,0.0155926005136498,0.2437065729797358,0.1296495867466928,0.03977348358591376,0.19375351308569122,184.0
MASSARANDUBA,0.1052759135078862,0.7775020029880477,0.1457878104254571,0.3428552423071303,0.1027920259238442,0.3790102662767728,0.1382936735979651,0.3471607399372632,0.310412221355367,0.3691615209477831,0.5926562740006643,0.4809088974742237,0.05118143027487893,0.24945357345052577,135.0
MATOS COSTA,0.0066079581809507,0.940619868945311,0.3633524308972045,0.436860086007822,0.0919926180249117,0.0557210522007086,0.2161702236081476,0.7896199839561221,0.5389979767017973,0.068812074793373,0.2646160532532558,0.1667140640233144,0.03925561090927336,0.19122496521142118,186.0
MELEIRO,0.0,0.7488886839007163,0.2397660692009526,0.3295515843672229,0.4035410607633932,0.0094015583386471,0.5772238511146772,0.5147752924276624,0.4767296458878861,0.1281417169088282,0.421581955518978,0.2748618362139031,0.0431827212828838,0.21039934346137001,173.0
MIRIM DOCE,0.3210471682970476,0.8693933432810321,0.2172015344080822,0.4692140153287207,0.0610702597034703,0.1270795137200328,0.2072986805300243,0.6082279369673929,0.4295735173488114,0.2007597021549031,0.2773440445294511,0.2390518733421771,0.0481837533642184,0.23481721605594116,146.0
MODELO,0.0451644585493391,0.8335646930533909,0.2980788460860054,0.3922693325629118,0.3596428083849428,0.7353710419030732,0.2577362832831368,0.8290580751077364,0.6872550636387293,0.2765234591934626,0.448634324118843,0.3625788916561528,0.09774731168324698,0.4768145943340399,12.0
MONDAI,0.3209118672652176,0.4667689641196371,0.1862609619642126,0.3246472644496891,0.9850444455476536,0.9954916349652336,0.0163181866316885,0.8431151241534989,0.8527419913948762,0.3195439727596326,0.2017233775854514,0.260633675172542,0.07215391910439568,0.35185314855853905,59.0
MONTE CARLO,0.1602876467227209,0.903648356669142,0.236644718402168,0.4335269072646769,0.1228389162622714,0.2671334119842833,0.433419021382105,0.6632464600861891,0.5174529562574507,0.1156726893466439,0.178294173176202,0.146983431261423,0.03297276076636851,0.1605485304625177,213.0
MONTE CASTELO,0.1192323807850441,0.8971619313767459,0.1116014791681582,0.3759985971099828,0.0743661618892775,0.1086498750127147,0.2615702683995164,0.7513265515522852,0.5251523828828668,0.0705695066063445,0.2231199470712423,0.1468447268387934,0.02899545450308653,0.14112906743429973,233.0
MORRO DA FUMACA,0.1597386179159897,0.808063655330143,0.0126947856321061,0.326832352959413,0.5123593925177581,0.1614672983692961,0.7869357290638309,0.5265750051303099,0.6418850426670648,0.4274726978866086,0.579184045087701,0.5033283714871548,0.10559265446849636,0.5151200035926494,9.0
MORRO GRANDE,0.1597386179159897,0.760726768944036,0.2485990448442845,0.3896881439014367,0.1229563785103482,0.0557121548664128,0.568918362860879,0.485415261938964,0.438584451202515,0.1349087006440657,0.2540995459170233,0.1945041232805445,0.03324292547725929,0.16186762767741095,211.0
NAVEGANTES,0.0768023721281191,0.6258886359123167,0.0025989400013522,0.2350966493472627,0.1120584921610079,0.3571136443471934,0.6249925045897823,0.3960599220192897,0.4987743226845503,0.2685934281268264,0.2576461068837133,0.2631197675052699,0.03085346920573687,0.15020094810818826,223.0
NOVA ERECHIM,0.0256351774393987,0.8244004679866579,0.1767415932935977,0.3422590795732181,0.5601312888105611,0.7173282890180127,0.178920457404006,0.7771393392160887,0.6677595914141279,0.3223942884532283,0.3638066722201359,0.3431004803366821,0.07841451107253743,0.38242090628503717,39.0
NOVA ITABERABA,0.0892931561658767,0.870726557600531,0.1999324905132219,0.3866507347598766,0.6474253161729115,0.7053361580658266,0.1049091828408773,0.7211163554278679,0.6329065542773693,0.1586623619167168,0.3798825129980994,0.2692724374574081,0.06589467716326229,0.321291982428926,82.0
NOVA TRENTO,0.10350653709225,0.7296955029963863,0.0293658968515296,0.287522645646722,0.095047348367319,0.2347542343708632,0.4231673496691113,0.332587728298789,0.347278257422816,0.7150975261192002,1.0,0.8575487630596001,0.08562655558166526,0.41763419448359324,28.0
NOVA VENEZA,0.079415078280911,0.5977260280974445,0.1253635253056803,0.2675015438946786,0.2194242074474906,0.0436676986036249,0.5888848097894622,0.5601477529242764,0.4709579634903379,0.7748481191306619,0.6443994355222221,0.709623777326442,0.08939981018542567,0.4360573616784962,22.0
NOVO HORIZONTE,0.2324409256741141,0.7790485807104817,0.3139525934308315,0.441814033271809,0.0994051977709654,0.5219909597622543,0.4032156278849244,0.9650625897804228,0.7312405917900322,0.2080815021945423,0.1943176984899105,0.2011996003422264,0.06500202873796652,0.31693356697265085,86.0
ORLEANS,0.2776078098664853,0.7856353333500801,0.1297502588864025,0.397664467367656,0.0702341010291564,0.111637256233013,0.6330799110614026,0.4962446131746353,0.4804394407179772,0.3068142148593185,0.3811957686500904,0.3440049917547044,0.06572342453083924,0.32045583003238404,83.0
OTACILIO COSTA,0.6084482171215635,0.7180516266408067,0.1732815286368821,0.4999271241330841,0.0674384995249304,0.0824803015870596,0.3366670500583955,0.5400369382310692,0.3983463177907165,0.361986696071312,0.2591482412018629,0.3105674686365874,0.061847688056659376,0.30153228827189993,94.0
OURO,0.0325715764560655,0.8639663767710564,0.2375368528115026,0.3780249353462082,0.3477203902051555,0.4364684200402844,0.3226436219101817,0.6848963677406114,0.5664142838573348,0.0900859010122651,0.312620077367812,0.2013529891900385,0.043113444924517866,0.21006109702245818,174.0
OURO VERDE,0.1134912277114869,0.6929132712122262,0.7617585129728162,0.5227210039655098,0.066214281872753,0.7041293340467409,0.3616111920964991,0.921690950133388,0.7175511948353667,0.0004839848870528,0.0,0.0002419924435264,9.076630331738735e-05,0.0,295.0
PAIAL,0.1087568993900791,0.8906086619458284,0.2451133828229808,0.4148263147196294,0.5742463356211138,0.8842897617807873,0.0155448354420615,0.6253847732403034,0.704578094150927,0.1363565117693851,0.1895441659663222,0.1629503388678537,0.04762672324604515,0.23209747936245778,150.0
PAINEL,0.0803465265958426,0.8322143727063674,0.3572714335656603,0.4232774442892901,0.0698551994148926,0.097606570831927,0.5873162395924948,0.4695475606726646,0.4466988161102447,0.0082795076624643,0.0794924819301167,0.0438859947962905,0.008297855640313543,0.04007166091795114,289.0
PALHOCA,0.0415009163674626,0.8513185872746192,0.0014411265701186,0.2980868767374001,0.0747838054379947,0.1982170685899251,0.8041572181058317,0.0400457330479901,0.5417290872006336,0.1413413253262437,0.2497035921089022,0.1955224587175729,0.031573422521980775,0.1537161681796003,217.0
PALMA SOLA,0.1444543370250401,0.8451464042761394,0.2993577706101042,0.4296528373037612,0.1307262886979417,0.6544394155547695,0.4205950057628083,0.961420069772214,0.7516076323595736,0.0677981666592823,0.1751614036819247,0.1214797851706035,0.03922950975959981,0.19109752460777474,187.0
PALMEIRA,0.1515509353621293,0.6842919584702103,0.2276229002825794,0.3544885980383063,0.0743452797118417,0.081317167520458,0.3705310681903336,0.5573568643546069,0.4141222296494584,0.3142708395433748,0.6695690704261761,0.4919199549847755,0.07221464069663178,0.35214962578140957,58.0
PALMITOS,0.0299727720341113,0.6968935080138476,0.2201542261015013,0.3156735020498201,0.8959136108674253,0.8637840848027818,0.0535125331671,0.7820968386490544,0.7723701888695078,0.1340738701368008,0.2545900326144115,0.1943319513756062,0.047381394988420145,0.23089964778667293,154.0
PAPANDUVA,0.1912906379623806,0.7746153081141681,0.1889216667890015,0.3849425376218501,0.1353128340214433,0.0824662093779432,0.2431996684608064,0.7745416506083797,0.5417108706127614,0.1324804490491784,0.2025703325528565,0.1675253908010175,0.03493366051120683,0.17012275421502993,201.0
PARAISO,0.1645838359339429,0.8548985664051794,0.285463619639763,0.4349820073262951,0.4344413441753741,0.879251469085764,0.16186259022288,0.9439770162117792,0.7744300605678642,0.249588232379413,0.156863460617997,0.203225846498705,0.0684592972439923,0.33381391097612945,73.0
PASSO DE TORRES,0.0008884014218928,0.9640981096315866,0.0160540494756419,0.3270135201763738,0.4329131484630224,0.0790129648645553,0.6894476757652404,0.1418017648265953,0.5126207821225468,0.0519252914417619,0.2276315191711966,0.1397784053064792,0.023431602918282935,0.11396319108651565,257.0
PASSOS MAIA,0.2086856277427499,0.8118209829528436,0.7960991072561817,0.6055352393172585,0.0792969660363204,0.4169989817366171,0.4627456144014606,0.8224502359942538,0.6339115927682084,0.1237569800019687,0.2452575322529751,0.1845072561274719,0.07082418188874057,0.3453606179392471,64.0
PAULO LOPES,0.1597386179159897,0.8520509747616429,0.0386080119416152,0.3501325348730826,0.0970233244071874,0.227830328360877,0.7981326716452197,0.0685409398727681,0.5480072438583664,0.20682665144632,0.3900904599576199,0.2984585557019699,0.05726678474661072,0.27916572241636417,111.0
PEDRAS GRANDES,0.1293286478588527,0.7244535692823133,0.1587493621365567,0.3375105264259075,0.2359159070774624,0.1857361756560094,0.6818530297576293,0.5003664507050509,0.5414104602783336,0.5707081905723218,0.3669085399297978,0.4688083652510598,0.08566616336812592,0.4178275821419446,27.0
PENHA,0.1199684049064431,0.8830309622578192,0.0040418596308642,0.3356804089317088,0.1046126907690334,0.3658200296054681,0.7829231489295321,0.3846706341062999,0.5962148873910578,0.1435019761264779,0.3296494393612189,0.2365757077438484,0.04734770790079413,0.23073516833516047,155.0
PERITIBA,0.0529864046596506,0.8045579200940226,0.249319806909138,0.3689547105542705,0.4784558723145469,0.5736344472440461,0.2064384565964326,0.6567822696490863,0.5678050155500571,0.1662626920157744,0.4931177135126751,0.3296902027642248,0.06906822983802212,0.3367870649687217,69.0
PESCARIA BRAVA,0.0283962950794795,1.0,0.0239690060867727,0.3507884337220841,0.312638332112908,0.2951683816911712,0.921777707061554,0.133798481428278,0.6688117163175159,0.068771416500617,0.246664893923059,0.157718155211838,0.037002479474277886,0.18022390074637165,196.0
PETROLANDIA,0.054640460300077,0.884346873697069,0.263466798483484,0.40081804416021,0.0724084577546655,0.1127237912133534,0.4161309741740405,0.4924413434571449,0.382933742553473,0.1243803521355374,0.3160319632396709,0.2202061576876041,0.03379872829553864,0.16458137199732883,206.0
PINHALZINHO,0.1473644409696892,0.6432811002585882,0.07431322186443,0.2883195876975691,0.4229549600982958,0.7070389995210153,0.2317076119013885,0.8105376564744512,0.6767987317366195,0.4004927421758339,0.4782386284748207,0.4393656853253273,0.08573532919708876,0.41816528891367594,26.0
PINHEIRO PRETO,0.434458550556541,0.6201102421558692,0.2276323424308624,0.4274003783810908,0.1339390987055217,0.2736522433311101,0.3423010805847954,0.7109583418838499,0.5380855165050846,0.6004269756972124,0.7129943383118263,0.6567106570045194,0.15102897284474878,0.7369658576551629,3.0
PIRATUBA,0.0456364561938555,0.2633111386601079,0.1162591787749714,0.1417355912096449,0.5769186017648592,0.5165897869823913,0.2497015753004377,0.6310794171967987,0.5623258812539602,0.0662930188869365,0.3438270687128053,0.2050600437998709,0.016343611788956325,0.07935560178643654,274.0
PLANALTO ALEGRE,0.021192952296269,0.8383055217702837,0.2300580391353692,0.3631855044006407,0.7375058090868598,0.7262045089864281,0.0650490188821739,0.6778165401190231,0.6445748891777405,0.1221427150417117,0.260503510726372,0.1913231128840419,0.0447887897527028,0.21824107985425725,162.0
POMERODE,0.1497264679898873,0.6210287322893324,0.0119591073459041,0.2609047692083746,0.1021459835594222,0.2822623231016766,0.1201515386850352,0.3985224707572334,0.3121465248915376,0.6026724972691088,0.3966377924410088,0.4996551448550588,0.040692173336704836,0.19823907705007363,182.0
PONTE ALTA,0.1763554934637632,0.8509792603330067,0.2543824682725823,0.4272390740231174,0.0747955937639666,0.1316410889019598,0.2928510316151608,0.5828958778787658,0.4267208879593646,0.1649570273798127,0.2492828383168544,0.2071199328483336,0.03776041544478375,0.18392457365981474,193.0
PONTE ALTA DO NORTE,0.1172983556412742,0.8360852884672352,0.8248768733605953,0.592753505823035,0.0676394904827506,0.1760046013959861,0.3328143171798053,0.6290785963472194,0.4652314238493299,0.3512122318486082,0.705640224336292,0.5284262280924501,0.14572281024302214,0.7110581649493678,4.0
PONTE SERRADA,0.0781766931132162,0.898620571501586,0.2229061816384748,0.3999011487510923,0.0764413282719663,0.4674298130386956,0.427499460515461,0.7956084547506667,0.6186766094474321,0.110788408591203,0.3092691893318749,0.210028798961539,0.051963117369221795,0.25327021280977396,129.0
PORTO BELO,0.059427851257888,0.7068077730754884,0.0042404044368574,0.2568253429234112,0.1157128732122836,0.3296350716329081,0.6591302279541682,0.3379437718038166,0.5098678570524812,0.2275455208564073,0.5697972573218639,0.3986713890891356,0.05220481729726855,0.2544503288244642,128.0
PORTO UNIAO,0.1956835316368674,0.8827501877134261,0.0538465912927794,0.3774267702143576,0.0968145026328288,0.0,0.1712792215171948,0.798803904898713,0.5327641560804486,0.1742068559988497,0.2055637003270925,0.1898852781629711,0.03818202819149638,0.18598312600781905,192.0
POUSO REDONDO,0.2053522006590504,0.8164835392024351,0.090361908460969,0.3707325494408182,0.0720734728249652,0.1117602287598947,0.2057427922799948,0.563855256857514,0.4011065972690531,0.3268019211438127,0.4541877118854463,0.3904948165146295,0.05806785668167383,0.2830770095529661,108.0
PRAIA GRANDE,0.1597386179159897,0.8932230453684131,0.0767823744645086,0.3765813459163038,0.0901181505416174,0.0526342432142639,0.496483513213023,0.2568312049124689,0.3602501455916831,0.1593420261984094,0.3294704778514963,0.2444062520249528,0.03315700383057322,0.16144810950840605,212.0
PRESIDENTE CASTELLO BRANCO,0.1597386179159897,0.8198347202207948,0.3478847362707944,0.4424860248025263,0.3347016577099855,0.4771174586134852,0.3280521815523727,0.6955674122717012,0.5772135449042937,0.0,0.064384576659076,0.032192288329538,0.008222197818211721,0.03970225655684734,290.0
PRESIDENTE GETULIO,0.1231774622769159,0.810233953400133,0.0840841695567696,0.3391651950779395,0.1281377687866213,0.0991967060567397,0.1742847062760201,0.5543470825637867,0.3966693242422893,0.5448556752135539,0.5402050447744055,0.5425303599939797,0.07299009711556978,0.35593584345254625,53.0
PRESIDENTE NEREU,0.0977467781330698,0.9052595165445296,0.254275098967669,0.4190937978817561,0.094563142878025,0.1968574666039874,0.3509435805625299,0.438846706341063,0.3545747152187322,0.0913141373101789,0.2292460882919538,0.1602801128010664,0.023817635025592865,0.1158480185902001,255.0
PRINCESA,0.072422768391017,0.8555006313067959,0.3390404864165962,0.4223212953714697,0.2997840467650454,0.7909096358969901,0.2843580895656752,0.968109993843628,0.7769502176807314,0.3179361570698549,0.1688672224026184,0.2434016897362366,0.07986560072556055,0.3895059482712832,36.0
QUILOMBO,0.1779370070663587,0.7793261022505155,0.2108297306162611,0.3893642799777117,0.2820996535392175,0.645436130181422,0.2529147979122496,0.8609133530126757,0.6856271683370334,0.3699161293760531,0.140447009575946,0.2551815694759995,0.06812294738332961,0.3321716603543995,74.0
RANCHO QUEIMADO,0.0760531743624299,0.7364641080109654,0.1608163227891987,0.324444535054198,0.0288299637182017,0.1430310323467496,0.5352657721110264,0.3163349066283602,0.3955655954060555,0.1387690023827888,0.3516861300338204,0.2452275662083046,0.03147228408419617,0.15322235301343573,219.0
RIO DAS ANTAS,0.3326863677018575,0.8199192312648088,0.4375079317662,0.5300378435776222,0.1202808495263784,0.1647644310968551,0.3335283292917854,0.7300088925371093,0.5335772590750707,0.2175641601727686,0.2502102836951694,0.233887221933969,0.06614708125174984,0.3225243622206975,79.0
RIO DO CAMPO,0.0322807958655777,0.8766275696282038,0.2904643867400565,0.3997909174112793,0.0706218714629307,0.102388430988069,0.1981120882722359,0.668946804386985,0.4644820515822701,0.162815973277629,0.3099994831499687,0.2364077282137988,0.0438998998817862,0.21390101579035026,170.0
RIO DO OESTE,0.0849482954830366,0.8574191383861465,0.2742357648766513,0.4055343995819447,0.0941063452466155,0.111072871806327,0.1840156047387205,0.5605376564744509,0.3989853880204896,0.2146091750911336,0.4403600806547262,0.32748462787293,0.052987765930098824,0.2582731277294937,125.0
RIO DO SUL,0.1303871764474796,0.7652541320340873,0.0086881957567595,0.3014431680794422,0.0989392641869278,0.1361917238639136,0.2541095827103463,0.5172994048840551,0.3844671993976829,0.2700479939323955,0.3688172805653993,0.3194326372488975,0.03702064888284359,0.1803126140951886,195.0
RIO DOS CEDROS,0.1411472660677012,0.8224546714107336,0.0567585830165158,0.3401201734983168,0.0611428830655601,0.1704566430178639,0.1455736321145987,0.5312453561850308,0.3791749923903971,0.4302206005706704,0.5758913454658798,0.5030559730182751,0.06487664585551174,0.3163213766888197,88.0
RIO FORTUNA,0.1597386179159897,0.6994527398101507,0.3631261413885995,0.40743916637158,0.0915596984515077,0.1434795373412984,0.6531608281604192,0.3477324030371433,0.4810719724540057,0.1937910652142337,0.5725704739374471,0.3831807695758404,0.07510632899449425,0.3662684867069278,47.0
RIO NEGRINHO,0.1677183476766755,0.8618656134189079,0.04901064777282,0.3595315362894678,0.0656880510013693,0.122311505045123,0.2999565906295389,0.6661276421095834,0.4773242946529935,0.3184555575854801,0.3728955214696619,0.345675539527571,0.05932246371035292,0.2892027120248375,105.0
RIO RUFINO,0.0081803829008416,0.8803091356337529,0.2151417312190883,0.3678770832512276,0.0183967058168093,0.1759470853237706,0.6241703993084972,0.45458649702442,0.4712227855884357,0.0898574199271905,0.1258931372401884,0.1078752785836894,0.018700402188836632,0.0908627880592805,268.0
RIQUEZA,0.0657657471057651,0.8739330057598885,0.2358301965296566,0.3918429831317701,0.76944509947501,0.9488161082707498,0.0674735531202396,0.8458444490047197,0.8033554553692148,0.1514771103330331,0.2477624639589991,0.1996197871460161,0.06283815272998015,0.3063682980813223,90.0
RODEIO,0.0942355205112962,0.9029297496034566,0.0218572540040029,0.3396741747062519,0.1052065276898657,0.1999974943240239,0.1842745942702639,0.4487995074902522,0.3416845192169268,0.2742181952928217,0.5748664460476756,0.4245423206702486,0.04927297909983758,0.24013543333719872,139.0
ROMELANDIA,0.0998358283842309,0.9440149290197652,0.3520668538850763,0.4653058704296908,0.2928941329522169,0.7814046409669995,0.2755074183344307,0.912153309444506,0.7388215924345222,0.0051229901201386,0.0788986230565418,0.0420108065883402,0.014442392082307319,0.07007276979971301,278.0
SALETE,0.0689481754716361,0.8268480939230604,0.1279962867530934,0.3412641853825966,0.0809962532251636,0.0934695921503136,0.1125180227437486,0.6291812025446335,0.4291112351052992,0.4265516661599599,0.5102481842045983,0.4683999251822791,0.06859262373069505,0.33446488643736283,72.0
SALTINHO,0.0113105797961971,0.9228679846842732,0.2511203866229127,0.3950996503677944,0.0982501523315443,0.6088667306706084,0.3547018455590048,0.9098531265574152,0.7013855451685292,0.130604982590767,0.2036164186617734,0.1671107006262702,0.0463092467185239,0.2256648123704942,159.0
SALTO VELOSO,0.140700537778826,0.6886349942403056,0.2483924579585059,0.3592426633258792,0.0994508775341064,0.2437527716282111,0.4547375213337031,0.7463574799917915,0.5662160713068722,0.4760185294625705,0.343340081069236,0.4096793052659032,0.08333244529904221,0.40643304806262565,31.0
SANGAO,0.5104439324050336,0.8109419150753058,0.0248252300492263,0.4487370258431886,0.6190581832623832,0.2398714277896281,0.8234654034569774,0.416068130515083,0.6740405948564976,0.5350330619227283,0.5069026607615634,0.5209678613421458,0.15757557144272227,0.7689300618220866,2.0
SANTA CECILIA,0.2332909179340669,0.8661574421339445,0.3177183880457475,0.4723889160379196,0.0656888070802075,0.1516692848728228,0.3641038063136476,0.6889970774924462,0.5033059107161136,0.3649086506840721,0.3845293324562618,0.3747189915701669,0.08909173862171282,0.43455318172715635,23.0
SANTA HELENA,0.0599748568850997,0.8182054425472649,0.3022936587004787,0.3934913193776144,0.7232902667973969,0.9644484550172324,0.0613393285712646,0.8846295916273342,0.8114376827602696,0.2160920325708034,0.2886225279611531,0.2523572802659782,0.08057608579675843,0.3929749390049369,33.0
SANTA ROSA DE LIMA,0.1597386179159897,0.8222976188989366,0.2773807007972183,0.4198056458707149,0.0771923747672447,0.1885373237394248,0.6890630598858972,0.3360632800402963,0.5058885347470565,0.1226087275299942,0.5967418543228282,0.3596752909264112,0.07638599065946758,0.37251652011109204,44.0
SANTA ROSA DO SUL,0.1067339995933722,0.9397116363225172,0.0772181037404615,0.3745545798854503,0.2951658227114955,0.0368192133936629,0.5510854189364036,0.2450749025241122,0.4165608791639111,0.0466115847762501,0.1813221045207219,0.113966844648486,0.01778165244388797,0.08637693116942341,271.0
SANTA TEREZINHA,0.0346201215550608,0.8698470995556647,0.3933399172656163,0.4326023794587807,0.0918013690902872,0.054627098489163,0.2048568884250547,0.7048768448316982,0.4844586975203745,0.0554082318993452,0.1573249273222893,0.1063665796108173,0.02229209345774845,0.10839946016555459,261.0
SANTA TEREZINHA DO PROGRESSO,0.2532655151122374,0.9090773788289804,0.2365823657901576,0.4663084199104584,0.1500640550942761,0.6621272185506615,0.3540349824949643,0.9129899445926531,0.716396997387896,0.0507951335372335,0.1315405152514225,0.091167824394328,0.03045570136587212,0.14825882010779295,226.0
SANTIAGO DO SUL,0.1093519496875439,0.8930092061247279,0.3054797382930749,0.4359469647017822,0.1311709050591802,0.5892723538606349,0.3276194217288189,0.9173814898419864,0.7043712662323208,0.1083542363926819,0.3623888186980938,0.2353715275453879,0.07227518556306925,0.35244524012878464,57.0
SANTO AMARO DA IMPERATRIZ,0.1059614615638111,0.7628276715649958,0.0217593021028592,0.2968494784105553,0.0529650009259658,0.2176227610736116,0.6488762698177517,0.1240931422846173,0.4548827816716191,0.1368897385645747,0.3350966382532714,0.235993188408923,0.03186656530777532,0.15514745737733698,216.0
SAO BENTO DO SUL,0.1525386078071738,0.7809314102379864,0.0093735782349475,0.3142811987600359,0.0528346792487695,0.264706385220572,0.1670377904393352,0.5622306587317872,0.4119665185709516,0.3328500119103709,0.3183820043769446,0.3256160081436577,0.04215858930075078,0.2053989507718122,179.0
SAO BERNARDINO,0.2789104077143561,0.87587693132688,0.3483271345480784,0.5010381578631048,0.0839745737819534,0.5548926574186732,0.4063307639807135,0.9487789862507696,0.7236366158043985,0.1078541667463573,0.174198550208261,0.1410263584773091,0.05113186431067443,0.24921156432535144,136.0
SAO BONIFACIO,0.1597386179159897,0.6349205292660798,0.1798903839059934,0.324849843696021,0.0787451544975777,0.2030115251075852,0.7004185019003122,0.201912579519803,0.4982202210783159,0.1953180418603107,0.4562747161871658,0.3257963790237382,0.052729088672108945,0.2570101187693464,127.0
SAO CARLOS,0.0249263633738748,0.697868002635782,0.2604803894773027,0.3277582518289865,0.7662971112265541,0.7873069165140727,0.0985684016947061,0.7404649526545688,0.692733131018274,0.2694557446806578,0.2656677953646103,0.2675617700226341,0.06074963232362686,0.2961709579395076,97.0
SAO CRISTOVAO DO SUL,0.1324037872335655,0.9195614484759536,0.1278413218193845,0.3932688525096345,0.0665919012480515,0.1408215757429298,0.283298372888773,0.5994254052944795,0.4359798595440189,0.1848229079616252,0.3749632801457573,0.2798930940536913,0.04798971393764292,0.23386980561757834,149.0
SAO DOMINGOS,0.1676035350933667,0.7927053103175654,0.3375788155921226,0.4326292203343516,0.0826315887456095,0.539296962710678,0.4253364225629367,0.9653396265134414,0.7342453883233039,0.0879251186143318,0.1853244166851737,0.1366247676497528,0.0433996785430043,0.21145865175012543,172.0
SAO FRANCISCO DO SUL,0.0622987802220066,0.3862463288620206,0.005896976525894,0.151480695203307,0.076770875134626,0.567778913094769,0.3631566788735939,0.1413913400369379,0.4275266824398753,0.0945382564181148,0.1067110915303232,0.100624673974219,0.006516659067722431,0.03137484988613512,292.0
SAO JOAO BATISTA,0.0603885376323109,0.8827391808211426,0.0190292666262887,0.3207189950265807,0.0999259470707722,0.2470609820886258,0.482307326488945,0.2773650728504,0.3794860793068154,0.3500304012211286,0.492720333829529,0.4213753675253288,0.0512849192450234,0.2499588652476655,134.0
SAO JOAO DO ITAPERIU,0.1410712058217202,0.5753068363934337,0.1704450985315258,0.2956077135822266,0.0993899711832518,0.4424039826205483,0.3347790136890542,0.3017990286613309,0.3684984908295473,0.4302795962985618,0.4563455756524216,0.4433125859754917,0.048290481677102155,0.23533832415999748,144.0
SAO JOAO DO OESTE,0.1833255236422588,0.7163459248850985,0.470607489153363,0.4567596458935735,0.9741269821569676,0.9767270338049162,0.0195563591562543,0.8513578220124496,0.8410845415437815,0.2268723063607869,0.2694123146505609,0.2481423105056739,0.09532969430762976,0.465010416296356,15.0
SAO JOAO DO SUL,0.1597386179159897,0.8320416278122555,0.1420457810171251,0.3779420089151235,0.2631671486312619,0.0367670559813937,0.5927733773391894,0.1752513851836648,0.4298815595615334,0.069085226071402,0.2561740420883374,0.1626296340798697,0.026422485473015674,0.1285663745852506,239.0
SAO JOAQUIM,0.0681912422857484,0.7970097713289416,0.2559197292465834,0.3737069142870912,0.0668068136574956,0.130707601223855,0.8622991076329133,0.4218111459646446,0.6163526373763202,0.0302642812682988,0.1389037841970792,0.084584032732689,0.019482683667987857,0.09468232954198774,264.0
SAO JOSE,0.059312998967748,0.7951335572934374,0.0002145949027943,0.2848870503879933,0.0746793945508155,0.1904525232333143,0.742156372368509,0.0857787810383746,0.5077115700831312,0.1446482385486587,0.1986217748709591,0.1716350067098089,0.024825364889258475,0.1207683268426848,248.0
SAO JOSE DO CEDRO,0.05554203130542,0.842008836558631,0.2353299669166611,0.3776269449269041,0.2600243809271647,0.7667159534002811,0.3397090984028463,0.9549764005745944,0.767666429450408,0.157521420201755,0.3382354292723212,0.2478784247370381,0.07185785542331803,0.35040759789482395,60.0
SAO JOSE DO CERRITO,0.0544164220524837,0.877876173314316,0.223259919703478,0.3851841716900926,0.1920249481065722,0.2791850917935462,0.3870511662881628,0.5778298185681003,0.4684262873785978,0.0205678018415087,0.0968743110665598,0.0587210564540342,0.010595063205400133,0.05128793002706674,286.0
SAO LOURENCO DO OESTE,0.1597386179159897,0.7124767387391407,0.0883543483798944,0.3201899016783416,0.0848333533290032,0.5060335389276426,0.4040013575002508,0.9718859019084752,0.7317872199124091,0.4617020616855594,0.3208064094473841,0.3912542355664717,0.09167512345414658,0.4471667304257444,20.0
SAO LUDGERO,0.1597386179159897,0.6258552743130401,0.2162193593171751,0.3339377505154017,0.1765583177160256,0.1303716565908254,0.6770772883946773,0.4357069567001844,0.5160029216225528,0.5734773054904245,0.5077600115982408,0.5406186585443327,0.09315554446923158,0.4543949847430061,18.0
SAO MARTINHO,0.1597386179159897,0.8642721550580641,0.1518501864218352,0.391953653131963,0.1510690098833769,0.1624741712197417,0.7659136893243526,0.2023394213010463,0.543181381128241,0.1858953063999136,0.4674597467668641,0.3266775265833889,0.06955027480170992,0.3391406816455902,66.0
SAO MIGUEL DA BOA VISTA,0.0607603187145758,0.874876015516071,0.3864047717149053,0.4406803686485174,0.3023603854061947,0.763779306360012,0.3013333215099621,0.8941104042684178,0.7297531293272822,0.0171504032953907,0.183507328938872,0.1003288661171313,0.03226454716220782,0.15709063031812937,215.0
SAO MIGUEL DO OESTE,0.1597386179159897,0.7337895119198659,0.035714507005911,0.3097475456139222,0.4094337502085754,0.9122469057618424,0.1766140551305931,0.904268417812436,0.756443843995102,0.3036831905120354,0.304587616528394,0.3041354035202147,0.07126093965967102,0.34749311687783074,63.0
SAO PEDRO DE ALCANTARA,0.0544686522155632,0.9529074614375332,0.0633004750836138,0.35689219624557,0.0530663409046986,0.2229700272174266,0.5756156124165004,0.1626454809299053,0.4145949888918165,0.036616734905105,0.2665522694716981,0.1515845021884015,0.02242930942173028,0.10906942625894456,260.0
SAUDADES,0.0398000540286415,0.7340539592999068,0.2187909053962514,0.3308816395749333,0.5340066169996793,0.7630763670831343,0.1457988045710055,0.7896199839561215,0.6738727135543033,0.4184315826929154,0.2791409823002334,0.3487862824965744,0.07776961276332947,0.3792721472899755,41.0
SCHROEDER,0.2384653829870077,0.8565316100011009,0.0102272173376093,0.3684080701085727,0.0689367957559535,0.4184958840013822,0.0,0.3407893836787741,0.3127756999302048,0.3183718037113974,0.3618088207590226,0.34009031223521,0.0391882978728279,0.1908963048226959,188.0
SEARA,0.1774118986046117,0.6801038676352299,0.1908445494223578,0.3494534385540664,0.4452198140621717,0.8076682604484271,0.0765537464318663,0.6818604314288816,0.6552469117706319,0.5289053664053674,0.2261727822730969,0.3775390743392322,0.08644825029885844,0.42164617372902546,25.0
SERRA ALTA,0.0564668490860688,0.859327990311366,0.2581170203642604,0.3913039532538984,0.2097218257563534,0.6732081837613159,0.283460071051413,0.8676380053355224,0.6880725134058367,0.2059251141745171,0.3354034702808544,0.2706642922276858,0.07287514123709965,0.35537456371091913,54.0
SIDEROPOLIS,0.0201523853936371,0.7900096705105994,0.0361581466433724,0.2821067341825363,0.1266368622834188,0.0972658910047265,0.5691732034483137,0.5418779865732464,0.45145584463787,0.367831960713142,0.3669268296729751,0.3673793951930586,0.046788974654193585,0.22800711600357007,156.0
SOMBRIO,0.0641334929868974,0.8649274900029579,0.0332356772296178,0.320765553406491,0.3433808127067655,0.0330508552849388,0.5937246994156485,0.3165743210889938,0.4577036857698676,0.1669563356126364,0.3542819567583067,0.2606191461854715,0.03826295008004887,0.1863782325243642,191.0
SUL BRASIL,0.0005739872603748,0.8641400262108122,0.3067695460212237,0.3904945198308036,0.2228775975409462,0.630468607168925,0.3068702174316388,0.8719474656269237,0.6899942187845161,0.1026030368047252,0.2099654420415778,0.1562842394231515,0.042109063114337146,0.20515713586435405,180.0
TAIO,0.1077350825838196,0.7996702924974418,0.1251985271451041,0.3442013007421218,0.0749566477850146,0.1249247997317306,0.1765783751692296,0.613363209300004,0.4304094836482494,0.2854085089767069,0.3566857896467059,0.3210471493117064,0.04756233387648509,0.23178309397224395,152.0
TANGARA,0.637848489132485,0.6186121042103219,0.2961638957291985,0.5175414963573352,0.1497851681193103,0.2852782853196683,0.3967802703028161,0.6851501830710576,0.5321993298871354,0.3331604637304344,0.2371757068959707,0.2851680853132026,0.07854533931996599,0.38305968392643736,38.0
TIGRINHOS,0.0039936857504199,0.8923734326467935,0.2391575637322464,0.3785082273764866,0.249189141110132,0.7045143562004239,0.2828763797882268,0.8845680279088857,0.7074275020804014,0.0626290809764488,0.0736101288642726,0.0681196049203607,0.018240191093304457,0.08861577669951458,270.0
TIJUCAS,0.2514688692631953,0.7267744179310849,0.0100410408376649,0.3294281093439817,0.1197457437295844,0.3046010643714583,0.5888061184888038,0.2952713201020197,0.4579560900808852,0.3161041646531529,0.3694967948095801,0.3428004797313665,0.05171611751106419,0.2520642195329302,131.0
TIMBE DO SUL,0.1597386179159897,0.8982621987444649,0.1525227165632801,0.4035078444079116,0.0888854170240943,0.0347691216628344,0.5938672628219288,0.4365471203872478,0.4411922466479775,0.082954700006306,0.2970362104685916,0.1899954552374488,0.03382385207950961,0.16470404054776389,205.0
TIMBO,0.1242153842384967,0.786411489300258,0.0075150501278572,0.3060473078888706,0.1086781896885777,0.2388140010758408,0.1978926568527203,0.4159655243176687,0.3281515586506853,0.4481925372410079,0.4992123595442906,0.4737024483926493,0.04757389004507073,0.2318395177359024,151.0
TIMBO GRANDE,0.2080202905662488,0.8749251482330987,0.0995690430807918,0.3941714939600464,0.1041159233448756,0.1080387142555345,0.2316688341489036,0.7868356248717421,0.5472501995135031,0.2545393055566722,0.3097878235819338,0.282163564569303,0.06086562348019869,0.2967372924954963,96.0
TRES BARRAS,0.9961878871574184,0.5644656915012416,0.0812264121515904,0.5472933302700834,0.297601384628056,0.1397614859337147,0.2714246613433594,0.8296364009477082,0.6071211920804589,0.4174711555876451,0.161526553193778,0.2894988543907116,0.09619276259144963,0.4692244047395384,14.0
TREVISO,0.3047195925398585,0.8199880165872717,0.0407811594534753,0.3884962561935351,0.1190018161584319,0.1095235632717382,0.5945088859487634,0.5692078801559616,0.4712847111662436,0.6145765023560914,0.3346931763519163,0.4746348393540038,0.08690200617813325,0.4238616670649956,24.0
TREZE DE MAIO,0.1597386179159897,0.9083099228855434,0.10984992542998,0.392632822077171,0.4164455938507109,0.2497160698460263,0.7629154621775363,0.4428483480402214,0.61544841532808,0.3786106921743314,0.6221972869742306,0.500403989574281,0.12092024623752189,0.5899579924139057,6.0
TREZE TILIAS,0.3385938972567711,0.4081610529433946,0.1915799845340825,0.3127783115780828,0.1061201229526847,0.2807275735046731,0.4507931668320061,0.7334290991175866,0.5630982948596621,0.6559879856200297,0.4187677974741241,0.5373778915470769,0.09464564563810061,0.46167050305656904,16.0
TROMBUDO CENTRAL,0.1472020828658489,0.7855101533449824,0.3204086454606168,0.4177069605571494,0.0854957098945469,0.1141805024797368,0.2523164824400997,0.5350400164169913,0.3908990971124175,0.3472164745252115,0.5631267651734657,0.4551716198493386,0.07432100185900863,0.36243407460409044,49.0
TUBARAO,0.0639677165639511,0.8102331991442047,0.0126998818697154,0.2956335991926237,0.4675975239114548,0.3228129149728413,0.7986025093587223,0.3034246327301696,0.6358559523010097,0.20674205303889,0.3691616020603179,0.2879518275496039,0.05412929504336714,0.26384671973959356,121.0
TUNAPOLIS,0.0351155784795111,0.8491542433004735,0.5547946757522061,0.4796881658440635,0.8258113169187599,0.9761873227275836,0.0419774386790861,0.8792471636715423,0.8284965666134132,0.0926205293507256,0.2751768548172089,0.1838986920839672,0.07308501792239573,0.3563993006209777,52.0
TURVO,7.624773873500855e-06,0.7038610638838598,0.1936755921251387,0.299181426927624,0.263943704604658,0.0154103356792166,0.5446444258667942,0.4382310691565771,0.4301009048468028,0.3209389892414866,0.4321149106075911,0.3765269499245389,0.04845081108459608,0.23612114318248711,143.0
UNIAO DO OESTE,0.1282247460850846,0.8718582015281798,0.3287822151918946,0.4429550542683864,0.3974656522656473,0.6814856166188663,0.1723552054949262,0.8208495793145905,0.669444296369049,0.099967725449022,0.1352407744720779,0.1176042499605499,0.03487362744890479,0.16982963878547203,202.0
URUBICI,0.1391176869319776,0.8646598482891443,0.116631842856038,0.3734697926923866,0.0,0.1953678966312388,0.6534555938963419,0.4016819672511993,0.4830409791705184,0.0302821458528735,0.1845396904282196,0.1074109181405466,0.01937706006729746,0.09416661526887521,265.0
URUPEMA,0.020554933260234,0.8345516215287341,0.3357621888812427,0.3969562478900703,0.035887487123478,0.1608631435638808,0.661249371964719,0.4383080238046378,0.4926631892894489,0.032273993765174,0.0929458571183618,0.0626099254417679,0.012244355842753601,0.0593407113000303,281.0
URUSSANGA,0.1597386179159897,0.7911169439383471,0.0721022670797376,0.3409859429780248,0.1909278660640779,0.1315848635849536,0.6519265640214325,0.587083345548357,0.5211536119130689,0.4202918759195108,0.3961993968532195,0.4082456363863651,0.07254772183756977,0.35377591666113295,55.0
VARGEAO,0.3004663287087362,0.6695215035664481,0.4053970302946348,0.4584616208566063,0.0725911768072293,0.6061550418822002,0.382658845949983,0.8629181202544635,0.6719994582389662,0.3432324336590567,0.2034819666101085,0.2733572001345826,0.08421751565572108,0.41075446309359037,30.0
VARGEM,0.0912117832977393,0.891601565295231,0.3936065379310385,0.4588066288413363,0.2002258091128176,0.3755230470922319,0.4163831990932488,0.6153716155044003,0.5086237666025375,0.0637438871893558,0.1619729997761766,0.1128584434827662,0.026336641371903474,0.1281472350376807,240.0
VARGEM BONITA,0.4948146049865903,0.3656950087376563,0.1464539342147378,0.3356545159796615,0.0782073834755058,0.371419540265231,0.4345974531923385,0.7585082138961193,0.584595680801709,0.5782426415915074,0.1726091899314742,0.3754259157614908,0.07366689172557363,0.3592403382630167,50.0
VIDAL RAMOS,1.0,0.7589702937494545,0.298767252693739,0.6859125154810645,0.0719821132986833,0.1688440962583505,0.4247302454852549,0.4266365688487584,0.3498424124107601,0.0874495196949472,0.1671984826418101,0.1273240011683787,0.030552831456105902,0.1487330642497731,225.0
VIDEIRA,0.2536619547919675,0.7120280359334683,0.070640713844057,0.3454435681898309,0.12710877201692,0.2184392495897673,0.3733475497413034,0.7138583170423493,0.5360233945699671,0.342679717589526,0.2608624409838814,0.3017710792867036,0.05587769358933982,0.27238339221954716,115.0
VITOR MEIRELES,0.0151257229583227,0.9015354396989644,0.2521687036037164,0.3896099554203345,0.1091926880734284,0.0433844465095537,0.1628273568717617,0.6362232278829644,0.4370650788586957,0.1627841346656789,0.5376287151904265,0.3502064249280527,0.05963486811091928,0.2907280473410183,103.0
WITMARSUM,0.0816053542241128,0.8500919181985266,0.1583486281693221,0.3633486335306539,0.1236306988233812,0.0691956867331385,0.1337418061104036,0.6089335795882072,0.4214045112009948,0.3949968775344174,0.7830107175780187,0.589003797556218,0.09018634916820548,0.4398976907065506,21.0
XANXERE,0.1597386179159897,0.7786955853549059,0.0747723903677094,0.3377355312128684,0.1165899246645898,0.852545617488417,0.2000462635029926,0.8683152062384566,0.6888447296060354,0.172253554796356,0.2730950159271174,0.2226742853617367,0.051804580326488006,0.2524961451277365,130.0
XAVANTINA,0.0520116250377078,0.7424752742175764,0.820926932461906,0.5384712772390634,0.2581839017431586,0.7693832588619206,0.1370244915965026,0.768464451616514,0.6263236424082222,0.0139217045762239,0.1293435226672296,0.0716326136217267,0.024158621266924408,0.11751290664968907,253.0
XAXIM,0.1597386179159897,0.8108790366370304,0.0978098445308176,0.3561424996946126,0.3755393659579925,0.8348617032856521,0.0958562380174292,0.7470552021342085,0.6740949153172364,0.3471021251010465,0.2289694250930481,0.2880357750970473,0.06914985693889941,0.3371856147314647,68.0
ZORTEA,0.0702562609712316,0.9099940245156436,0.2493373306611804,0.4098625387160184,0.4833618788758847,0.422771824117969,0.3523046452841857,0.6317258362405086,0.5521334411850728,0.009075990403772,0.1060707230481393,0.0575733567259557,0.013028782340138607,0.06317072597728893,280.0
