municipio,hazard_index,exposure_index_pc,vulnerability_index,def_mean,ppt_std,ws_std,dtr_mean,empregos_pc,empresas_pc,climate_risk_index,risk_norm,rank_risk
ABDON BATISTA,0.5213231329171638,0.0526237900822826,0.5238491060651941,0.3083651979063592,0.452119882275685,0.4212747308372997,0.5977650504635933,0.0263949854306831,0.0788525947338821,0.014371275910442046,0.05781213034982581,278.0
ABELARDO LUZ,0.7102156522460894,0.1928273511818515,0.486409264452303,0.073059394379424,0.5825299169778242,0.4034701976026431,0.9245331418017648,0.2375731284792371,0.1480815738844658,0.06661326381208749,0.2693178258199489,89.0
AGROLANDIA,0.3900823654565672,0.555212287810614,0.3466590437952188,0.0769581621635039,0.0910257378159956,0.3191843608370027,0.5266981325672072,0.464846352508825,0.6455782231124031,0.07507890353713262,0.3035916176407379,64.0
AGRONOMICA,0.3862370146311025,0.3115047114081995,0.3902316870939612,0.0862494259863726,0.1208421385281146,0.2945632227580155,0.5176482659552635,0.2020936500077012,0.4209157728086978,0.04695058876492017,0.18971197757995165,163.0
AGUA DOCE,0.5833433485711529,0.2144455481157819,0.3085864723907142,0.074077473578084,0.2768907966855594,0.4907726222778178,0.7650011792055523,0.1559939566407408,0.272897139590823,0.03860274329919778,0.15591508485395497,193.0
AGUAS DE CHAPECO,0.6998773761694597,0.0995728580970652,0.4531379730145333,0.802371072747005,0.76430961720151,0.0838841946411818,0.7389698337779598,0.063428011303603,0.1357177048905273,0.03157863734271548,0.127477453074349,227.0
AGUAS FRIAS,0.6653466701627991,0.2352163116568169,0.3818347751356592,0.5027118265423901,0.6857596092192458,0.1747287673220013,0.7919146316437512,0.1673237986289044,0.3031088246847294,0.05975729112075401,0.24156089446169582,111.0
AGUAS MORNAS,0.432312919597005,0.2549184384561709,0.358961871830479,0.0383650132243594,0.1860042307660587,0.6045271476567604,0.2114983745018198,0.1031219186551144,0.4067149582572274,0.03955922594815758,0.1597874782294562,187.0
ALFREDO WAGNER,0.4445811331325092,0.1046417742117454,0.3752263513556345,0.0266295042708977,0.1345532662138924,0.5999234896324207,0.3958488464131803,0.0340898624571548,0.1751936859663361,0.017456189720134987,0.07030164055018213,267.0
ALTO BELA VISTA,0.5693460642688509,0.1392851484375539,0.4768347679976474,0.5658595311084358,0.636497506657067,0.1702630257882291,0.6361584239688076,0.1041223815199717,0.1744479153551362,0.037813689024759026,0.15272053809602837,199.0
ANCHIETA,0.7433612080120857,0.1998270461413119,0.3681460604198998,0.1999920362073315,0.7282671689157886,0.3628742512986213,0.9311512415349888,0.1566653121655661,0.2429887801170578,0.054685768535476235,0.22102844624186407,126.0
ANGELINA,0.3821224052414668,0.1351820299389516,0.3310367770886603,0.0393363092406196,0.1713472959886734,0.5084239128935357,0.3041760722347631,0.0460838715160574,0.2242801883618458,0.01710006304322864,0.06885983438047151,268.0
ANITA GARIBALDI,0.5103821184317051,0.1070363177503379,0.4885177267812768,0.371582356475908,0.4310241812342957,0.41998201245224,0.5720936794582394,0.0941106930044562,0.1199619424962195,0.026687441345169753,0.10767507087769053,245.0
ANITAPOLIS,0.4643211724825146,0.135250245032377,0.4352841700284367,0.0403021099470282,0.1689326316749994,0.6380462011957403,0.3151036322593881,0.1012750052546971,0.1692254848100569,0.027335651023689275,0.110299397484937,242.0
ANTONIO CARLOS,0.4107816144393089,0.2613771614250672,0.3821537617343368,0.0592105200348656,0.2165018257980571,0.5629788459131365,0.1956463401158657,0.247223689603607,0.2755306332465273,0.0410314413900933,0.1657478553788614,181.0
APIUNA,0.3550987195344366,0.442761819081546,0.5033815269725034,0.1054454679893722,0.1981361415596451,0.2917109802360823,0.4490994332980788,0.3473980988715863,0.5381255392915058,0.07914373522820833,0.32004840055276196,57.0
ARABUTA,0.6002940226501142,0.2413459594119415,0.408628198155527,0.3684133229080047,0.6804540850767967,0.1698900383798437,0.7167189469672537,0.2497685030721156,0.2329234157517674,0.059201455454513566,0.2393105511291141,114.0
ARAQUARI,0.3935296300214272,0.5621206019941563,0.0925149797914531,0.0933630109191401,0.4978474091115529,0.32969869665834,0.2359382870361732,0.5251654708570068,0.5990757331313058,0.02046534160537467,0.08248442278773946,264.0
ARARANGUA,0.5868709855020273,0.2060049500411763,0.3306028349745086,0.5524973942762416,0.0402490039968701,0.7287602276661188,0.4584203474125129,0.1152783329880378,0.2967315670943149,0.03996932999666467,0.16144781592866297,184.0
ARMAZEM,0.5655036812861809,0.4320432207358887,0.4105460103409098,0.2466006211988116,0.1441138208351146,0.776481730702339,0.2509063547438263,0.3473221356347378,0.5167643058370396,0.10030543539423745,0.40572316697575317,26.0
ARROIO TRINTA,0.553470809322016,0.3125963438859436,0.3274308721614117,0.1156032417807454,0.2259690806401243,0.3882667973430275,0.7395854709624462,0.1668343981425064,0.4583582896293807,0.05664978158576154,0.22897990373416038,124.0
ARVOREDO,0.6709229626455171,0.1276520897209732,0.3688507533345588,0.4400848712761511,0.8341114547804438,0.0617897808985514,0.6949517750872152,0.0662094608514728,0.1890947185904735,0.031590118835859084,0.12752393678007906,226.0
ASCURRA,0.3496483370586847,0.5208917449695187,0.385296313499861,0.1088609087411415,0.1886975891157991,0.2186924300921198,0.4561871537040833,0.3785177477556402,0.6632657421833974,0.07017360624162285,0.2837321452575702,77.0
ATALANTA,0.3882736657034316,0.2321472178565493,0.3598035831292365,0.0817271294354188,0.1051000169045611,0.3468195977155471,0.5145085163143851,0.1200336463614179,0.3442607893516808,0.032431490094623996,0.13093029286225333,220.0
AURORA,0.3757916782507805,0.3643141325778269,0.4245019268697141,0.0808500779831126,0.1408688996047142,0.3124207279177013,0.4944387441001432,0.3832461426130943,0.3453821225425596,0.05811695388985872,0.23491986335317028,118.0
BALNEARIO ARROIO DO SILVA,0.6381580042433287,0.0645282570403872,0.4121363470007035,0.598456610085816,0.0353984096688539,0.8138385440655621,0.4022162938641493,0.0351308249336848,0.0939256891470896,0.016971454840486847,0.06833915420621632,269.0
BALNEARIO BARRA DO SUL,0.4364160000069277,0.0599933294906467,0.469567433465806,0.0743818235223544,0.5122061901696766,0.5375907224932815,0.2167863738969832,0.0238147843012763,0.096171874680017,0.01229423749705708,0.04940308100491542,281.0
BALNEARIO CAMBORIU,0.6068623542066656,0.2072383079469298,0.3484280266003405,0.1179055018430491,0.3367639389617639,0.7919687187092468,0.4403857993022775,0.1306054244944481,0.2838711913994114,0.04382009516992355,0.1770379341223965,169.0
BALNEARIO GAIVOTA,0.5592546949133003,0.1099805872779636,0.3935884747235139,0.4972987746101878,0.0530255772591891,0.733172766666966,0.2578493741021955,0.048291237818083,0.1716699367378441,0.02420850920416591,0.0976389239474979,258.0
BALNEARIO PICARRAS,0.479704497434758,0.2080066710795834,0.3326712873759675,0.105846044373839,0.3762572676680645,0.598604994394271,0.3625076954648056,0.1361487164447454,0.2798646257144215,0.03319451844308779,0.13401947166243774,215.0
BALNEARIO RINCAO,0.7031904892582356,0.1206682878411817,0.4066300170592687,0.8350321033927826,0.1265979228978837,0.8389761918788688,0.469012928380874,0.0682602544562226,0.1730763212261409,0.034503692406904166,0.13931976288086667,209.0
BANDEIRANTE,0.7754052039887778,0.1364058413352082,0.5931879942742947,0.5170422208077502,0.924022564387218,0.1355168250213722,0.9253320043387764,0.1159416080702367,0.1568700746001797,0.06274137505754002,0.2536421871869918,100.0
BARRA BONITA,0.7579822213269515,0.1770300554991193,0.3959560662970602,0.3384017185244022,0.8505166956068542,0.2643298756717156,0.922121896162528,0.0489745022933849,0.3050856087048538,0.053131616072892865,0.21473634077902914,135.0
BARRA VELHA,0.4497801217056166,0.1398229026647264,0.4016478261411038,0.1005700317310596,0.4164123726134534,0.5514764214324214,0.3238764621383129,0.0915083038058071,0.1881375015236456,0.025259455935668397,0.10189376240745407,251.0
BELA VISTA DO TOLDO,0.5709266681551961,0.0446680120170498,0.4018632829980759,0.1696780002884512,0.0858303516136295,0.1923723114965404,0.8239065363685896,0.0091340594814286,0.0802019645526709,0.010248381449393688,0.041120275859608646,288.0
BELMONTE,0.7887147990007662,0.1169452950677011,0.4360067350913074,0.5985022898489568,0.9461470706898624,0.0786748796333688,0.901805869074492,0.0242080469665726,0.2096825431688296,0.04021572863467316,0.1624453797157262,183.0
BENEDITO NOVO,0.3724795517678099,0.5108074054801701,0.3308429450929135,0.0809481692639626,0.1458616671412985,0.1694025268445453,0.5167248101785346,0.4255031104455704,0.5961117005147697,0.0629479366451774,0.2544784676197523,98.0
BIGUACU,0.4493906761450783,0.2148169396584104,0.3351476421938846,0.0840415707678934,0.2407993587484509,0.616639835938433,0.1870852999521171,0.1571116267240737,0.2725222525927471,0.03235405736434298,0.13061680051389418,223.0
BLUMENAU,0.3168167885005555,0.2873264313890342,0.3037546191783908,0.1255187956998737,0.303992879145652,0.2115962702065967,0.3786852725904643,0.263498625287721,0.3111542374903475,0.02765073354592182,0.11157503324597923,239.0
BOCAINA DO SUL,0.3950610478147781,0.1683003373264302,0.3968022279139441,0.0585283354402662,0.0872956839065245,0.5025781483517973,0.5017736214124476,0.0743663056924111,0.2622343689604493,0.026382946671910816,0.10644230083540522,247.0
BOM JARDIM DA SERRA,0.471742333976647,0.1158476093446565,0.306330644325436,0.0166563068411392,0.1544498607891435,0.6459307528373995,0.3731787399958959,0.029947757016748,0.2017474616725651,0.016741037600727867,0.06740629233588932,270.0
BOM JESUS,0.7213943813571572,0.1416560756862521,0.3850808106613049,0.0727738958597931,0.7703885755332163,0.3209743155611074,0.921403652780628,0.0683824810021475,0.2149296703703567,0.03935136841095122,0.15894595104545423,188.0
BOM JESUS DO OESTE,0.6955532196397476,0.1349764353087523,0.3757509153224702,0.2295468429595246,0.6995603517182538,0.3012327836591638,0.8668171557562077,0.0874934259701533,0.1824594446473514,0.03527673371204163,0.14244947990423212,206.0
BOM RETIRO,0.4328903596379826,0.170492118473184,0.3422100700740307,0.0259401176500217,0.1366038314172416,0.5716022793915441,0.4425675310788771,0.0865345098638299,0.2544497270825381,0.02525660700721645,0.10188222830207684,252.0
BOMBINHAS,0.6608042195491902,0.2500975414432512,0.3743082344125166,0.1051151681635838,0.3412011953217679,0.9053926556799308,0.313154114508516,0.1088801510711546,0.3913149318153479,0.061860241513627616,0.2500748504432578,103.0
BOTUVERA,0.3254310668622425,0.6863727726930394,0.5676956980217468,0.1052065276898657,0.2485952602470602,0.3657969624340305,0.3767699569053968,0.7764553439238581,0.5962902014622208,0.1268044984245855,0.5130066563807163,8.0
BRACO DO NORTE,0.5130577383179753,0.4350382515039581,0.3312539573043833,0.1631035511181465,0.1053794812032796,0.6934685580842193,0.3686360838012796,0.4063307606995302,0.463745742308386,0.07393579760754401,0.2989636655978555,69.0
BRACO DO TROMBUDO,0.3965177375700426,0.3789469202729704,0.6241408815859943,0.0751492435431223,0.0993170984076782,0.2570640256729508,0.548122306587318,0.401872474673273,0.3560213658726678,0.09378289425407532,0.3793161588297437,31.0
BRUNOPOLIS,0.504672871877174,0.1034809675278282,0.393551914925881,0.1221689464028709,0.3519743306028753,0.419385809236763,0.6287707777549767,0.1050502232456959,0.1019117118099605,0.02055286979283776,0.08283878736891645,263.0
BRUSQUE,0.3368970718407761,0.4561701921137593,0.3471199984354616,0.1269843547673124,0.297697179881281,0.3813204321895432,0.3638928791298993,0.3878930580015707,0.524447326225948,0.053346235136303,0.2156052425205396,133.0
CACADOR,0.5382997837333794,0.3073310234186743,0.4240747696501013,0.1084662355876038,0.1282706635367907,0.2979806812289944,0.7543361379027292,0.3755075580679736,0.2391544887693751,0.0701573283474529,0.2836662429543561,78.0
CAIBI,0.7646275679391686,0.2661525366294973,0.2955215919261744,0.8024441603680307,0.8871103318713375,0.0618689675809563,0.8171557562076748,0.192959888564592,0.3393451846944025,0.06014088010498649,0.2431138838892328,108.0
CALMON,0.5348984609774927,0.213350490127382,0.4415260052663317,0.102369161830768,0.0853551979259216,0.2188709091954391,0.7745184837735627,0.1194755137936302,0.3072254664611338,0.05038732249618377,0.20362585772067357,142.0
CAMBORIU,0.4787754579249005,0.2032942355186078,0.376666881136622,0.1206462876315059,0.3308012498341904,0.5958452497748775,0.3995298770591199,0.1149897671631038,0.2915987038741118,0.036661850373326324,0.14805723095887846,200.0
CAMPO ALEGRE,0.3997103486168163,0.5331482323573763,0.3977443089890706,0.060755042624486,0.3767659954745878,0.1227264497432713,0.5274870602184372,0.7307962942309016,0.335500170483851,0.084761247597787,0.3427913302968717,47.0
CAMPO BELO DO SUL,0.470467268543722,0.1471017589839658,0.3790324394650905,0.3184396620318082,0.3601788579625109,0.3830424228922481,0.5404154410926417,0.1331450810492589,0.1610584369186727,0.026231532305051163,0.10582928815627227,249.0
CAMPO ERE,0.7311150157447012,0.2373856579578063,0.3778252029074182,0.0840732420703378,0.6153735131955441,0.4308195640018047,0.9437307613379844,0.2065652186515542,0.2682060972640584,0.06557391368044622,0.26510993708409886,92.0
CAMPOS NOVOS,0.5300781743008973,0.2373572603575463,0.3109006620126899,0.2905626883774552,0.3769876555032261,0.3917987216609535,0.6362552657731088,0.2799514077867757,0.194763112928317,0.039116869406444384,0.1579965638374359,190.0
CANELINHA,0.3903761777404725,0.4572983903760077,0.4426565786855118,0.1232652607182536,0.2922046788253503,0.4800262629853725,0.307408167453314,0.2320727898349081,0.6825239909171074,0.0790223431679764,0.31955693548500375,58.0
CANOINHAS,0.5930385806738573,0.1523474525232661,0.4038002343704071,0.2468137934268027,0.0936228768048697,0.1910667217218794,0.8425610506874612,0.1324889138847079,0.1722059911618244,0.036482510065000286,0.14733115796353727,201.0
CAPAO ALTO,0.4265659649301752,0.1529141526087002,0.3798872343702419,0.2230577063213305,0.2490319580024193,0.4568990207885501,0.4967078068658203,0.1437009009010414,0.1621274043163591,0.024779274288964058,0.0999497101763369,256.0
CAPINZAL,0.559024229889472,0.39418498594293,0.4794521324070479,0.485131643413574,0.4245575138949031,0.3113540265934392,0.6502301310427719,0.5169734170034812,0.2713965548823788,0.10565157240433976,0.4273674127599883,22.0
CAPIVARI DE BAIXO,0.6708290565056269,0.1998953158706492,0.3451979200565203,0.4672643303450148,0.340555785395177,0.8768763601400945,0.1744305356043499,0.1629046627661924,0.236885968975106,0.046289517426152664,0.18703557955458128,165.0
CATANDUVAS,0.5702743675859003,0.2840799974992405,0.3617897263006537,0.0929394349336513,0.3864324796714917,0.3977680851272623,0.7370109881909594,0.1973582704935165,0.3708017245049645,0.05861121672834548,0.236920924369378,115.0
CAXAMBU DO SUL,0.7479767871637204,0.1385336397068138,0.4855572800120033,0.9007424426710352,0.7455405571300362,0.0540772255727548,0.6804843012517954,0.1062147218331506,0.1708525575804769,0.05031341949503367,0.20332665575146425,144.0
CELSO RAMOS,0.5342614965018118,0.1644271421912863,0.3690905747672181,0.4359736925934659,0.4405915361222979,0.4255382351928429,0.5943977016211776,0.0690272352464395,0.2598270491361332,0.03242353332824439,0.1308980792832069,221.0
CERRO NEGRO,0.4903150888335393,0.0821186993657401,0.3968164312497455,0.3367246186490846,0.4002734280480166,0.3893572041488706,0.5592330919644686,0.017670813685034,0.1465665850464463,0.01597743161861878,0.06431477494158203,272.0
CHAPADAO DO LAGEADO,0.3991755244028922,0.047143809009619,0.3646745601166035,0.0650474902085242,0.1189106538963073,0.5092387455641673,0.46325232329747,0.0146593446302021,0.0796282733890358,0.006862684618788064,0.02741302252620937,292.0
CHAPECO,0.6241825837632441,0.2977621373866619,0.3732034565294116,0.6743514601916301,0.7370982763074305,0.0311515485047748,0.6024662798723952,0.2867357681884701,0.3087885065848538,0.06936282572879458,0.2804496381569175,83.0
COCAL DO SUL,0.5401983629968505,0.4277259639268236,0.3615157520317971,0.2839971206235339,0.1053531246514942,0.6648795090434645,0.6078391134824542,0.40204931466289,0.4534026131907572,0.08353069650220668,0.33780934979160765,51.0
CONCORDIA,0.587243596098804,0.2698030232887487,0.4231333752028934,0.4187800422112279,0.6214382228922576,0.2259588525861992,0.6863543302201497,0.2743663171906209,0.2652397293868766,0.06704129327952564,0.2710507359527458,88.0
CORDILHEIRA ALTA,0.6338222335683915,0.4935432528568629,0.2821095239896278,0.5275981615015782,0.7574692598945263,0.0640676370003802,0.6915657705725424,0.3318151610871193,0.6552713446266066,0.08824913085313178,0.35691229320948437,42.0
CORONEL FREITAS,0.6489059760943575,0.304071321848482,0.393629883997902,0.52488727519445,0.6875475978960278,0.1420873792589573,0.767345111281085,0.2174777525797354,0.3906648911172286,0.07766856801808968,0.31407607294343987,60.0
CORONEL MARTINS,0.7284518817314907,0.0595023153731498,0.3586428402260386,0.103434152879997,0.5135652544891107,0.3946911646441155,0.9631848963677404,0.0092985492066772,0.1097060815396224,0.015545220984631847,0.06256493703527774,275.0
CORREIA PINTO,0.433248779611774,0.2034297068971284,0.6738872024633226,0.0895674378727014,0.1438535996932315,0.394295222125491,0.5676547954405536,0.2077633180778417,0.1990960957164151,0.05939350160975102,0.24008806472033373,113.0
CORUPA,0.3747816720423031,0.4065088872402395,0.3253522315313514,0.0522049510854693,0.2092123223164767,0.1417787900462095,0.5190114625780539,0.4294355876121214,0.3835821868683575,0.049568089356089716,0.20030912951013952,152.0
CRICIUMA,0.5505814066241244,0.2413598155163702,0.3138622188288154,0.4566666252963151,0.0795657159179924,0.6583954589410033,0.576441617073671,0.2195612399199924,0.2631583911127481,0.041708593697560824,0.16848935843957485,178.0
CUNHA PORA,0.701635580871387,0.2727127289531224,0.3051048155731594,0.4961339406500936,0.8296695427694796,0.1588348824797608,0.8097681099938436,0.2215663709230454,0.3238590869831993,0.05838026689798739,0.23598590626515584,117.0
CUNHATAI,0.7019065765625755,0.161878025506071,0.3376522700647624,0.6664737774026867,0.8146728825394712,0.1244396635251253,0.750974758875436,0.093922138139384,0.229833912872758,0.03836514853223367,0.15495316421415437,197.0
CURITIBANOS,0.486017332586923,0.195359870837426,0.5272705581458862,0.0919379000198658,0.2609380132923315,0.4079465633680249,0.6254632368030323,0.1677289700537656,0.2229907716210864,0.0500634343405668,0.20231457167739983,150.0
DESCANSO,0.8014736141772778,0.1346043688085312,0.3307556662159421,0.6178933493022891,0.9665329622600694,0.0832808246399247,0.8779499281756618,0.0550413352730873,0.2141674023439751,0.035682533153821,0.14409239007289798,205.0
DIONISIO CERQUEIRA,0.780961936277216,0.086245759679451,0.3237832027381995,0.2514639933145511,0.7526323599908619,0.3654952994405319,0.9756207674943566,0.0387660794314345,0.1337254399274676,0.021808306069011685,0.0879215174367404,261.0
DONA EMMA,0.4138093049390068,0.5642081838313691,0.4330772056427405,0.1336802467143896,0.0861083085323223,0.146572059790344,0.5888227648949996,0.3913232644177379,0.7370931032450001,0.10111252579408253,0.4089907343709272,25.0
DOUTOR PEDRINHO,0.4118134655279195,0.6481774145735921,0.3477330310320956,0.0688021606645907,0.0864638504104558,0.176514764440609,0.59254538974154,0.3733818645917004,0.922972964555484,0.09281974766293491,0.3754167859731374,32.0
ENTRE RIOS,0.6873151904863057,0.0201877947364317,0.4845237440093475,0.2080773542832793,0.6450548273745805,0.2723132084341048,0.8746152267596962,0.0028138096700978,0.0375617798027656,0.006722950090725148,0.02684729657039815,293.0
ERMO,0.4381195667022604,0.4059793078950025,0.4913266114642518,0.3505068557567533,0.0180017830616558,0.548652189261597,0.3931869484916888,0.461590301119532,0.3503683146704731,0.08739102548391987,0.35343818779750225,43.0
ERVAL VELHO,0.5467614853199938,0.2423193281455268,0.366527848956939,0.2770704074490702,0.3742616242125671,0.3763053614107838,0.669290897897506,0.1075571768109554,0.3770814794800982,0.04856159570554806,0.19623426275842137,158.0
FAXINAL DOS GUEDES,0.6799317100370943,0.2188799421652099,0.5042920657877095,0.0715862220181284,0.7286116714102918,0.294909388345863,0.8688692797044942,0.2326766216556725,0.2050832626747474,0.07505046656553786,0.3034764883798542,65.0
FLOR DO SERTAO,0.7416533592786739,0.1934906013815411,0.4868037307023991,0.4113523002604953,0.8608566621350318,0.2017525722073522,0.8918530679253024,0.2534895298088064,0.1334916729542759,0.06985777361910622,0.28245347265798815,82.0
FLORIANOPOLIS,0.6188849263748686,0.0830249593495099,0.2987916568503523,0.0655476520390445,0.2163745964357721,0.9201788504695166,0.0682629101765486,0.0636982481629328,0.1023516705360869,0.015352780586074767,0.06178582731973643,277.0
FORMOSA DO SUL,0.6960572949843153,0.1034941523318785,0.3608642813272664,0.1421614560708922,0.5833304796656957,0.2939206617738868,0.9098091524728096,0.0326295147020124,0.1743587899617446,0.025995890475787143,0.10487527413455912,250.0
FORQUILHINHA,0.5350306640759188,0.34145563059375,0.4096694036300348,0.4847444530402841,0.0302450881104125,0.641005186714889,0.5602298378822081,0.359427954876146,0.3234833063113541,0.07484218904631285,0.30263326086643305,66.0
FRAIBURGO,0.5230084703511072,0.1967022931012061,0.4870943723867005,0.1078233255497971,0.2060644156080741,0.3984993321373396,0.6943361379027293,0.1677478849681506,0.2256567012342616,0.05011079090889013,0.20250629837694967,149.0
FREI ROGERIO,0.5183092108084377,0.0453409325405725,0.5229851845755659,0.103721935387785,0.2937392579779976,0.4581752265308193,0.6581674533141799,0.0393599154970371,0.051321949584108,0.01229047763764344,0.049387858925662824,282.0
GALVAO,0.7406830274621568,0.173328929418266,0.3931402009630022,0.0821186702623412,0.4689809619357954,0.4240553031040546,0.9900618568790126,0.0971040244472193,0.2495538343893125,0.05047204515345777,0.20396886389766955,140.0
GAROPABA,0.6306307040267792,0.1273376537039237,0.3799942795622595,0.1022830228488451,0.2002893110774515,0.9484946596575874,0.0,0.0954435983082785,0.159231709099569,0.030514693629173435,0.12316999533561529,229.0
GARUVA,0.4003328761182799,0.2878758574239657,0.3053249553728969,0.0696915048861083,0.5735504719259202,0.0044923356617147,0.2607268087688147,0.2671623103390081,0.3085894045089232,0.03518753170224012,0.14208833872492016,207.0
GASPAR,0.3285892995051562,0.5167701577066013,0.3361818038192093,0.1364645370391712,0.3198643467330125,0.2841383192814681,0.3776494385975196,0.3974725912383142,0.6360677241748883,0.05708539965005318,0.23074353688343513,120.0
GOVERNADOR CELSO RAMOS,0.535627217245528,0.1263091825091305,0.3921243714802641,0.0856555890655403,0.2626925338931264,0.751298626469201,0.1801764826595523,0.0520031530205398,0.2006152119977212,0.026529031595668426,0.1070337368553213,246.0
GRAO PARA,0.4756211119458525,0.433134370348575,0.4461331069044416,0.0603812448241431,0.1313914920068336,0.6351414951191705,0.437488683139991,0.4051357912645815,0.4611329494325685,0.09190692254514847,0.37172114346153345,33.0
GRAVATAL,0.5993069043759572,0.3279038027634943,0.3736777805144921,0.3072024402991352,0.2014291990931525,0.8018394574772706,0.276626308229017,0.1791691961671819,0.4766384093598066,0.07343329388339513,0.29692924072389143,71.0
GUABIRUBA,0.3242235250273139,0.6308056871142137,0.458685948957953,0.125853780629574,0.2892112683039503,0.3246291640081568,0.3708187974553659,0.4599367800739462,0.8016745941544812,0.0938113875980247,0.37943151631842936,30.0
GUARACIABA,0.7651852183950298,0.2474466612774085,0.3164705723393479,0.3236167018544489,0.8336156238199611,0.2505207122717917,0.9427457418428072,0.1986078771911129,0.2962854453637041,0.0599213380621408,0.24222505108783882,110.0
GUARAMIRIM,0.3431364205820885,0.3845192661320817,0.3457772308339417,0.0896121593191331,0.4513510808637888,0.1035336638420379,0.2951901371765928,0.3690276099878575,0.400010922276306,0.04562273462530405,0.18433605823685284,167.0
GUARUJA DO SUL,0.7733187622420509,0.3054611820863979,0.4763766225715135,0.2431594123755269,0.7605118263240338,0.3675700145826303,0.9630617689308432,0.2106219278463399,0.4003004363264559,0.1125291442598813,0.4552117899913961,15.0
GUATAMBU,0.6654309625297837,0.6560644189382541,0.5659906636205725,0.7967067821175277,0.6838016466682326,0.0454000559723436,0.6107120870100552,1.0,0.3121288378765081,0.24709204107912502,1.0,1.0
HERVAL D'OESTE,0.5503248288726256,0.1739519381550751,0.4547422520535435,0.1707815845926627,0.3697758792261377,0.4122629544043079,0.6899556425515793,0.1659869641641088,0.1819169121460413,0.043532507892639655,0.17587361496967194,171.0
IBIAM,0.5334294988521967,0.2336611957380819,0.4008306644716575,0.1776546320314083,0.3139104452488327,0.3962279831043335,0.6759285860865998,0.1103132160290787,0.3570091754470851,0.04996024531130588,0.2018968029768709,151.0
IBICARE,0.5492491708346758,0.1957826042538669,0.3576034949417536,0.1337335397713874,0.3366361603187208,0.3857619797414121,0.7075723373691774,0.1065355924592623,0.2850296160484716,0.038454331481868734,0.15531422822692037,196.0
IBIRAMA,0.3815305425941692,0.4364820128492037,0.3813408581526247,0.1239743846603464,0.1403847095336016,0.2310853872764776,0.5113599718565855,0.3664026026532225,0.5065614230451849,0.06350515803700577,0.2567344211686749,95.0
ICARA,0.6409969663303636,0.3446051802406318,0.240739653639872,0.6654301705063127,0.1374114360606249,0.7639928700566344,0.5051697737927986,0.3338531364023789,0.3553572240788846,0.0531771927676276,0.21492086152382253,134.0
ILHOTA,0.3478283037426691,0.4147190856590771,0.3406262847597192,0.1232304570891938,0.3370709607231601,0.3871702881107695,0.3864735715751514,0.2637037472067637,0.5657344241113905,0.04913569449761224,0.1985585457568535,154.0
IMARUI,0.6291539705575319,0.1085501931701979,0.4281968012317078,0.1822632125794061,0.2465928503517854,0.9020047205324584,0.0943520988667714,0.071078661511474,0.1460217248289217,0.02924360849400037,0.11802390966171912,234.0
IMBITUBA,0.6738592989191329,0.1204911763549854,0.309450173611721,0.1346492113870764,0.2507031009778705,1.0,0.0055220789881159,0.072409483142122,0.1685728695678488,0.025125528225052627,0.10135154579751497,253.0
IMBUIA,0.3848788598103061,0.12677553836313,0.3211896949048738,0.0481981832899634,0.1398851179046553,0.4922055220243627,0.4299199671660168,0.0569099729660353,0.1966411037602246,0.015671880941019383,0.06307772958471894,273.0
INDAIAL,0.3337580148636818,0.431584267853479,0.3497241733178364,0.1205466226937439,0.2691504951094017,0.2250715885361165,0.4110590825140384,0.3625379669840764,0.5006305687228816,0.05037591659578574,0.20357968005797264,143.0
IOMERE,0.5462384301696801,0.3569921700713725,0.3408630952005715,0.1245747472616274,0.2360247331172857,0.3749964485631787,0.7268623024830698,0.3074729150524954,0.4065114250902495,0.06646927248881598,0.26873486590219964,90.0
IPIRA,0.569594085854081,0.1364247862831884,0.3753699808648092,0.4690306145197981,0.5268795850329192,0.2781282113376644,0.6565428551884532,0.042188390971643,0.2306611815947337,0.029168781797650038,0.11772096804163559,235.0
IPORA DO OESTE,0.8389681729782981,0.1768191719177773,0.3218693607293715,0.8428737960653118,1.0,0.0244909871727963,0.8443806005882758,0.0901600722598587,0.263478271575696,0.047747921982357354,0.19294004227367995,161.0
IPUACU,0.7223485237950111,0.2407580075870733,0.6495417163110582,0.082106622852282,0.7013986887272292,0.3322258455203852,0.9326114066520385,0.4246309227217446,0.056885092452402,0.11296257372969744,0.4569665624480511,13.0
IPUMIRIM,0.6220632562227425,0.3833803050542235,0.4714792789899308,0.1825458805154236,0.6797091440382068,0.2268968444204031,0.7774708361615813,0.6144545623166503,0.1523060477917966,0.11244158495283538,0.45485729942020087,16.0
IRACEMINHA,0.7396702894239534,0.1117542806243151,0.4814499005759602,0.5117259664688704,0.8802086474391954,0.1399648881820784,0.8646282235447019,0.0527187223133734,0.1707898389352568,0.039797284822064835,0.16075127784181747,186.0
IRANI,0.5947659475531619,0.1158782327688786,0.3612064639937769,0.1078774503111658,0.5046320007654711,0.356431615424392,0.7578373027848532,0.0592100393578705,0.1725464261798867,0.02489450370239141,0.10041622529577399,255.0
IRATI,0.6948612774868719,0.123714862958233,0.45617858481662,0.131883509364179,0.5972954132230619,0.3114473941679817,0.9036527806279504,0.1594570050269774,0.0879727208894885,0.03921524046440805,0.1583948266115843,189.0
IRINEOPOLIS,0.575591194095106,0.072853264909646,0.2888907655999402,0.1758477436227219,0.0185210488928174,0.1294021903476871,0.8561917139795243,0.0354155613929298,0.1102909684263621,0.012114258045432041,0.04867442038889996,283.0
ITA,0.6799735565836973,0.223960803953795,0.5361498409677649,0.5800019857768732,0.8213074287720094,0.1010843322672161,0.6521649907654422,0.1621622457469099,0.2857593621606802,0.08164887837334658,0.33019066474382247,54.0
ITAIOPOLIS,0.517491647123056,0.2106723143900072,0.4997696556541121,0.1257873373377326,0.0755373746812623,0.2577510502685139,0.7361714829393877,0.25882403852919,0.1625205902508244,0.05448546907998169,0.22021751853144808,127.0
ITAJAI,0.4696155053072501,0.2247668476660385,0.0981092643695117,0.1252845405042791,0.3274329783731874,0.5780112679357315,0.4141501839018767,0.2030807397673688,0.2464529555647081,0.010355824971717994,0.041555269201664184,287.0
ITAPEMA,0.5651943900522908,0.4552143733283882,0.4277868056854285,0.1085868301622959,0.3426906156717674,0.739645520551985,0.372050071824338,0.2786881235359461,0.6317406231208303,0.1100629614965931,0.4452272598948821,20.0
ITAPIRANGA,0.8609899674870594,0.3990665022756556,0.576542739912738,1.0,0.9848574364746696,0.0333721741379961,0.8696901292838087,0.5721687283870809,0.2259642761642303,0.19809562000642514,0.8016342308022704,2.0
ITAPOA,0.4271533460084531,0.0787362201193821,0.3209443042770802,0.0578822930758442,0.599688966072875,0.2416712432319617,0.119228401395444,0.0365666545259965,0.1209057857127677,0.010794140017160286,0.04332982128601109,285.0
ITUPORANGA,0.3729403820917544,0.2630597375897046,0.3287178223206079,0.0798518549485799,0.1395408612287364,0.4186606741888701,0.4690939332735697,0.1904754756754367,0.3356439995039724,0.03224905887706329,0.1301917060837739,224.0
JABORA,0.5696199403036968,0.221722212847702,0.428969153668048,0.1567637536882817,0.451247084158259,0.3447349900758856,0.7208427389014295,0.1650304527310875,0.2784139729643165,0.054177686062938574,0.21897143537710576,129.0
JACINTO MACHADO,0.3861838909998365,0.1949882679739901,0.4108610269002337,0.1259085963453431,0.0261931832343976,0.5165557494293269,0.3545906012723166,0.1717536635186754,0.2182228724293047,0.030938380959514157,0.12488532599329058,228.0
JAGUARUNA,0.7211493449552715,0.2813186165855854,0.4108657185258507,0.7108592805879739,0.3086427152288674,0.8877455163056641,0.3109651822970105,0.211386054274997,0.3512511788961738,0.08335345247652105,0.33709176375734073,52.0
JARAGUA DO SUL,0.3084275196289094,0.3616710231655375,0.3085396552632946,0.0670781019453908,0.3314227286049093,0.0446759587332894,0.4048486735495372,0.4162184448542014,0.3071236014768736,0.0344173815167769,0.13897032662133188,210.0
JARDINOPOLIS,0.6878792065040504,0.2774347229876894,0.3675759222037628,0.2620708343158791,0.652261389847697,0.2766759815318685,0.8624050892673919,0.0959491729576619,0.458920273017717,0.07014876869935366,0.283631588562421,79.0
JOACABA,0.5584630386879672,0.2725782446342066,0.3725554488880003,0.1327479110359231,0.3998174631097532,0.3868587730824139,0.7096560324551294,0.2547151673175252,0.290441321950888,0.05671220655508,0.2292326360110266,122.0
JOINVILLE,0.3517010928423132,0.2413276387491549,0.3252868222923326,0.085384660815187,0.47955919420809,0.0263953335100121,0.3040327773728566,0.2755704028045229,0.207084874693787,0.02760878223915403,0.11140519016247125,240.0
JOSE BOITEUX,0.4127647101223813,0.3078192849319912,0.4800569074596237,0.1164437494225388,0.0675198993021983,0.1800988594361612,0.5876110345636305,0.1967366409618133,0.4189019289021691,0.060994560686779685,0.24657007520992757,105.0
JUPIA,0.7402690693741001,0.1283560132432532,0.6616535661117385,0.0803567365411903,0.4473851304831034,0.3944106879685067,1.0,0.0543003718800075,0.202411654606499,0.06286898959405676,0.25415884442731135,99.0
LACERDOPOLIS,0.5641883220338475,0.2487983325969951,0.3475357201797055,0.2867379064119907,0.41546185121103,0.3842598250093426,0.6854093987276834,0.1238400748234839,0.3737565903705063,0.048783281052939206,0.1971317728926792,156.0
LAGES,0.4266169780408934,0.1798278110862938,0.3495378315229941,0.1315736814054839,0.1278556116926429,0.5319691619547237,0.4936607214554018,0.1542874492844111,0.2053681728881765,0.02681570261155106,0.108194346453477,244.0
LAGUNA,0.7040175922486778,0.1057662367393931,0.3867847458071786,0.4186129784018458,0.383397323198883,0.9510995857170444,0.0746325078034712,0.0666061467984745,0.1449263266803117,0.028800491639730565,0.11622991708599027,237.0
LAJEADO GRANDE,0.670531893321115,0.2440793719881548,0.3186992627757454,0.2405556658764929,0.7816172287364865,0.1839661017404667,0.8316232300430947,0.1117816136750233,0.3763771303012864,0.05215927853356927,0.21079975766367132,137.0
LAURENTINO,0.3919984373521253,0.4091858972701908,0.3340028475625143,0.0892186105905342,0.1237651816445574,0.2470340780163443,0.5351939257131134,0.2885547239685489,0.5298170705718327,0.05357413434338048,0.2165279099423988,131.0
LAURO MULLER,0.4804161764065787,0.1975364246659954,0.5055291022913749,0.075579938452737,0.1118253945255502,0.6239701341738213,0.536073407405236,0.2043840314325385,0.1906888178994523,0.047974557034188195,0.1938575916660506,160.0
LEBON REGIS,0.5317960389490559,0.1441937509947604,0.3779736852521203,0.1001123205043873,0.1525417564905478,0.3723688621370142,0.7258690744920997,0.100904382550042,0.1874831194394788,0.02898365174574539,0.11697145482528881,236.0
LEOBERTO LEAL,0.3821757997678389,0.0364902704229986,0.3781197378599732,0.0538356034705344,0.168697294680984,0.4889215620592952,0.3902656896947162,0.0070814771833554,0.0658990636626419,0.0052731437789114875,0.02097764450328253,294.0
LINDOIA DO SUL,0.6112621335066112,0.1610036369066542,0.4373579206180244,0.1271023608220932,0.6109464994675943,0.2878988131397669,0.772829878924687,0.0506056991273691,0.2714015746859394,0.04304276633358689,0.17389085870007726,173.0
LONTRAS,0.3737052133889333,0.4494668394320207,0.3374799982264351,0.1152643809923543,0.1638983997381492,0.2796448312743473,0.4861668190213232,0.3054896177969816,0.5934440610670597,0.056685874475227396,0.22912602856582592,123.0
LUIZ ALVES,0.3299466666161459,0.5474451820614998,0.3985866444528049,0.113167857837288,0.3720722340281409,0.3078020956931639,0.3582422092580103,0.512856634563039,0.5820337295599608,0.07199579401039223,0.2911094122183204,74.0
LUZERNA,0.5645377308401659,0.4017550924996142,0.3694422691016915,0.1087695492148596,0.377454229484479,0.4275744768050786,0.720500718243382,0.3388299023313503,0.4646802826678781,0.08379168939812598,0.3388659995513392,50.0
MACIEIRA,0.5567977058785251,0.2359308231434573,0.4567096161229477,0.0926119644238617,0.1924353603381174,0.393572837701125,0.7551522969130193,0.1133116064260722,0.3585500398608425,0.059995997176840815,0.24252731424075596,109.0
MAFRA,0.5713456404518871,0.1875525560993006,0.3197992375050094,0.2102033151516229,0.1340479393436354,0.2839955247956249,0.7885036688648427,0.1638158389309187,0.2112892732676825,0.03426883411655393,0.13836892107655074,211.0
MAJOR GERCINO,0.3653220391324,0.2830979072220103,0.4040963042612455,0.0608362510922921,0.1987830989471012,0.4701521012707648,0.3121964566659826,0.1513600083400308,0.4148358061039898,0.04179240948527838,0.1688286930856062,177.0
MAJOR VIEIRA,0.5605940918964126,0.1168505969976986,0.447981684786003,0.1317570115585579,0.0938214239756963,0.2273821640074388,0.8063584271259215,0.0831824636857868,0.1505187303096103,0.029345378179634125,0.1184359320406965,233.0
MARACAJA,0.5599175779278829,0.2470962798896888,0.3630234378033035,0.5639227091512595,0.0317726058512306,0.6724811651111616,0.5212394828647647,0.1885862306562798,0.3056063291230977,0.05022558155325355,0.2029710371061737,148.0
MARAVILHA,0.7026518392495439,0.3441112859412357,0.3410993359698152,0.3378383347789972,0.7852085683984409,0.2304340396991376,0.8535467542239551,0.3944148802972067,0.2938076915852646,0.08247455442549376,0.33353347757803536,53.0
MAREMA,0.6702969554730029,0.1296495867466928,0.3192611843519387,0.3634799084887824,0.6723974884731079,0.2134555333279543,0.8226085426988359,0.0155926005136498,0.2437065729797358,0.02774498561725508,0.11195661998678955,238.0
MASSARANDUBA,0.310412221355367,0.4809088974742237,0.322758069578043,0.1027920259238442,0.3790102662767728,0.1382936735979651,0.3471607399372632,0.3691615209477831,0.5926562740006643,0.04818132434727419,0.1946947049940709,159.0
MATOS COSTA,0.5389979767017973,0.1667140640233144,0.4531684771667741,0.0919926180249117,0.0557210522007086,0.2161702236081476,0.7896199839561221,0.068812074793373,0.2646160532532558,0.04072105918069222,0.1644912491948754,182.0
MELEIRO,0.4767296458878861,0.2748618362139031,0.3167160190946977,0.4035410607633932,0.0094015583386471,0.5772238511146772,0.5147752924276624,0.1281417169088282,0.421581955518978,0.04150081573618163,0.16764815342441336,179.0
MIRIM DOCE,0.4295735173488114,0.2390518733421771,0.5082252199209472,0.0610702597034703,0.1270795137200328,0.2072986805300243,0.6082279369673929,0.2007597021549031,0.2773440445294511,0.05218982777611768,0.21092343861554189,136.0
MODELO,0.6872550636387293,0.3625788916561528,0.3203784321090459,0.3596428083849428,0.7353710419030732,0.2577362832831368,0.8290580751077364,0.2765234591934626,0.448634324118843,0.07983323665744489,0.32283989998025076,56.0
MONDAI,0.8527419913948762,0.260633675172542,0.3979408324826002,0.9850444455476536,0.9954916349652336,0.0163181866316885,0.8431151241534989,0.3195439727596326,0.2017233775854514,0.0884436549433334,0.35769983891048723,41.0
MONTE CARLO,0.5174529562574507,0.146983431261423,0.5109841194005543,0.1228389162622714,0.2671334119842833,0.433419021382105,0.6632464600861891,0.1156726893466439,0.178294173176202,0.03886392480391436,0.15697249821087036,191.0
MONTE CASTELO,0.5251523828828668,0.1468447268387934,0.3928196059436497,0.0743661618892775,0.1086498750127147,0.2615702683995164,0.7513265515522852,0.0705695066063445,0.2231199470712423,0.030292621035306166,0.12227091740429348,231.0
MORRO DA FUMACA,0.6418850426670648,0.5033283714871548,0.3601970361315414,0.5123593925177581,0.1614672983692961,0.7869357290638309,0.5265750051303099,0.4274726978866086,0.579184045087701,0.11637208138185005,0.47077021571899663,12.0
MORRO GRANDE,0.438584451202515,0.1945041232805445,0.3829670191317438,0.1229563785103482,0.0557121548664128,0.568918362860879,0.485415261938964,0.1349087006440657,0.2540995459170233,0.0326695699535183,0.13189417743394444,219.0
NAVEGANTES,0.4987743226845503,0.2631197675052699,0.2593914624905478,0.1120584921610079,0.3571136443471934,0.6249925045897823,0.3960599220192897,0.2685934281268264,0.2576461068837133,0.03404185692311463,0.1374499864976328,212.0
NOVA ERECHIM,0.6677595914141279,0.3431004803366821,0.3885440134723374,0.5601312888105611,0.7173282890180127,0.178920457404006,0.7771393392160887,0.3223942884532283,0.3638066722201359,0.08901878917160164,0.3600283139518192,38.0
NOVA ITABERABA,0.6329065542773693,0.2692724374574081,0.3532558606157459,0.6474253161729115,0.7053361580658266,0.1049091828408773,0.7211163554278679,0.1586623619167168,0.3798825129980994,0.06020337942914087,0.24336691719735598,107.0
NOVA TRENTO,0.347278257422816,0.8575487630596001,0.3545066206125828,0.095047348367319,0.2347542343708632,0.4231673496691113,0.332587728298789,0.7150975261192002,1.0,0.10557492188371466,0.42705708724742397,23.0
NOVA VENEZA,0.4709579634903379,0.709623777326442,0.2997897590724295,0.2194242074474906,0.0436676986036249,0.5888848097894622,0.5601477529242764,0.7748481191306619,0.6443994355222221,0.10019062756199233,0.4052583586600716,27.0
NOVO HORIZONTE,0.7312405917900322,0.2011996003422264,0.4591999441873294,0.0994051977709654,0.5219909597622543,0.4032156278849244,0.9650625897804228,0.2080815021945423,0.1943176984899105,0.06755993635488262,0.2731505022281154,87.0
ORLEANS,0.4804394407179772,0.3440049917547044,0.4722749971020952,0.0702341010291564,0.111637256233013,0.6330799110614026,0.4962446131746353,0.3068142148593185,0.3811957686500904,0.07805457282947194,0.3156388430325093,59.0
OTACILIO COSTA,0.3983463177907165,0.3105674686365874,0.5148815978305219,0.0674384995249304,0.0824803015870596,0.3366670500583955,0.5400369382310692,0.361986696071312,0.2591482412018629,0.06369775695599046,0.2575141726663274,94.0
OURO,0.5664142838573348,0.2013529891900385,0.3396875217958024,0.3477203902051555,0.4364684200402844,0.3226436219101817,0.6848963677406114,0.0900859010122651,0.312620077367812,0.03874109322729414,0.15647520515058977,192.0
OURO VERDE,0.7175511948353667,0.0002419924435264,0.5278536200583385,0.066214281872753,0.7041293340467409,0.3616111920964991,0.921690950133388,0.0004839848870528,0.0,9.165754087156861e-05,0.0,295.0
PAIAL,0.704578094150927,0.1629503388678537,0.5388267468474138,0.5742463356211138,0.8842897617807873,0.0155448354420615,0.6253847732403034,0.1363565117693851,0.1895441659663222,0.06186336652006583,0.2500875022715402,102.0
PAINEL,0.4466988161102447,0.0438859947962905,0.3628811614016946,0.0698551994148926,0.097606570831927,0.5873162395924948,0.4695475606726646,0.0082795076624643,0.0794924819301167,0.007113857665996046,0.028429915875158692,291.0
PALHOCA,0.5417290872006336,0.1955224587175729,0.3090376205643899,0.0747838054379947,0.1982170685899251,0.8041572181058317,0.0400457330479901,0.1413413253262437,0.2497035921089022,0.03273332753210342,0.1321523048816504,217.0
PALMA SOLA,0.7516076323595736,0.1214797851706035,0.3530627688086493,0.1307262886979417,0.6544394155547695,0.4205950057628083,0.961420069772214,0.0677981666592823,0.1751614036819247,0.03223644331467095,0.1301406310116966,225.0
PALMEIRA,0.4141222296494584,0.4919199549847755,0.3430521031027085,0.0743452797118417,0.081317167520458,0.3705310681903336,0.5573568643546069,0.3142708395433748,0.6695690704261761,0.06988485526157584,0.2825631147649423,80.0
PALMITOS,0.7723701888695078,0.1943319513756062,0.2843342500599393,0.8959136108674253,0.8637840848027818,0.0535125331671,0.7820968386490544,0.1340738701368008,0.2545900326144115,0.04267749216625731,0.17241201821368987,175.0
PAPANDUVA,0.5417108706127614,0.1675253908010175,0.3654480707769725,0.1353128340214433,0.0824662093779432,0.2431996684608064,0.7745416506083797,0.1324804490491784,0.2025703325528565,0.03316453130347316,0.13389806642741314,216.0
PARAISO,0.7744300605678642,0.203225846498705,0.5623127932955544,0.4344413441753741,0.879251469085764,0.16186259022288,0.9439770162117792,0.249588232379413,0.156863460617997,0.08849915171650564,0.357924521853798,40.0
PASSO DE TORRES,0.5126207821225468,0.1397784053064792,0.3806537592901128,0.4329131484630224,0.0790129648645553,0.6894476757652404,0.1418017648265953,0.0519252914417619,0.2276315191711966,0.02727510389242305,0.11005426777947301,243.0
PASSOS MAIA,0.6339115927682084,0.1845072561274719,0.5200558340466842,0.0792969660363204,0.4169989817366171,0.4627456144014606,0.8224502359942538,0.1237569800019687,0.2452575322529751,0.06082640049875834,0.24588926578926001,106.0
PAULO LOPES,0.5480072438583664,0.2984585557019699,0.3635747099457364,0.0970233244071874,0.227830328360877,0.7981326716452197,0.0685409398727681,0.20682665144632,0.3900904599576199,0.05946535263088618,0.24037895909104645,112.0
PEDRAS GRANDES,0.5414104602783336,0.4688083652510598,0.353816021760806,0.2359159070774624,0.1857361756560094,0.6818530297576293,0.5003664507050509,0.5707081905723218,0.3669085399297978,0.08980478755253124,0.3632104886904583,37.0
PENHA,0.5962148873910578,0.2365757077438484,0.3573266299193857,0.1046126907690334,0.3658200296054681,0.7829231489295321,0.3846706341062999,0.1435019761264779,0.3296494393612189,0.05040090648257097,0.20368085353158127,141.0
PERITIBA,0.5678050155500571,0.3296902027642248,0.3748698517698072,0.4784558723145469,0.5736344472440461,0.2064384565964326,0.6567822696490863,0.1662626920157744,0.4931177135126751,0.07017554279896872,0.2837399855585371,76.0
PESCARIA BRAVA,0.6688117163175159,0.157718155211838,0.3648419294965951,0.312638332112908,0.2951683816911712,0.921777707061554,0.133798481428278,0.068771416500617,0.246664893923059,0.03848489491033009,0.15543796661154768,195.0
PETROLANDIA,0.382933742553473,0.2202061576876041,0.3560229567358633,0.0724084577546655,0.1127237912133534,0.4161309741740405,0.4924413434571449,0.1243803521355374,0.3160319632396709,0.03002141085464711,0.12117290218353145,232.0
PINHALZINHO,0.6767987317366195,0.4393656853253273,0.3081679264650869,0.4229549600982958,0.7070389995210153,0.2317076119013885,0.8105376564744512,0.4004927421758339,0.4782386284748207,0.09163747366059107,0.37063025898314694,34.0
PINHEIRO PRETO,0.5380855165050846,0.6567106570045194,0.4033931256316193,0.1339390987055217,0.2736522433311101,0.3423010805847954,0.7109583418838499,0.6004269756972124,0.7129943383118263,0.14254561413245484,0.5767357708151944,4.0
PIRATUBA,0.5623258812539602,0.2050600437998709,0.1338787811134341,0.5769186017648592,0.5165897869823913,0.2497015753004377,0.6310794171967987,0.0662930188869365,0.3438270687128053,0.015437638539639649,0.06212938125414456,276.0
PLANALTO ALEGRE,0.6445748891777405,0.1913231128840419,0.3552693265684388,0.7375058090868598,0.7262045089864281,0.0650490188821739,0.6778165401190231,0.1221427150417117,0.260503510726372,0.0438125502820317,0.17700738806500269,170.0
POMERODE,0.3121465248915376,0.4996551448550588,0.2996050466427151,0.1021459835594222,0.2822623231016766,0.1201515386850352,0.3985224707572334,0.6026724972691088,0.3966377924410088,0.04672808598910645,0.18881115802402065,164.0
PONTE ALTA,0.4267208879593646,0.2071199328483336,0.4905228806148499,0.0747955937639666,0.1316410889019598,0.2928510316151608,0.5828958778787658,0.1649570273798127,0.2492828383168544,0.04335359025749262,0.17514925319911895,172.0
PONTE ALTA DO NORTE,0.4652314238493299,0.5284262280924501,0.4591617829071064,0.0676394904827506,0.1760046013959861,0.3328143171798053,0.6290785963472194,0.3512122318486082,0.705640224336292,0.11288055608969422,0.456634507740976,14.0
PONTE SERRADA,0.6186766094474321,0.210028798961539,0.4241910639066093,0.0764413282719663,0.4674298130386956,0.427499460515461,0.7956084547506667,0.110788408591203,0.3092691893318749,0.05511934664252199,0.222783820467745,125.0
PORTO BELO,0.5098678570524812,0.3986713890891356,0.3103953519926674,0.1157128732122836,0.3296350716329081,0.6591302279541682,0.3379437718038166,0.2275455208564073,0.5697972573218639,0.06309397840668261,0.2550697288939786,96.0
PORTO UNIAO,0.5327641560804486,0.1898852781629711,0.4170718783205878,0.0968145026328288,0.0,0.1712792215171948,0.798803904898713,0.1742068559988497,0.2055637003270925,0.042192688682026205,0.17044925411880732,176.0
POUSO REDONDO,0.4011065972690531,0.3904948165146295,0.3696931732818121,0.0720734728249652,0.1117602287598947,0.2057427922799948,0.563855256857514,0.3268019211438127,0.4541877118854463,0.05790505914493057,0.23406199122401491,119.0
PRAIA GRANDE,0.3602501455916831,0.2444062520249528,0.3776165758325134,0.0901181505416174,0.0526342432142639,0.496483513213023,0.2568312049124689,0.1593420261984094,0.3294704778514963,0.03324815312054605,0.13423661576841017,214.0
PRESIDENTE CASTELLO BRANCO,0.5772135449042937,0.032192288329538,0.4379835320103062,0.3347016577099855,0.4771174586134852,0.3280521815523727,0.6955674122717012,0.0,0.064384576659076,0.008138533285689531,0.03257839372371552,289.0
PRESIDENTE GETULIO,0.3966693242422893,0.5425303599939797,0.398526438771489,0.1281377687866213,0.0991967060567397,0.1742847062760201,0.5543470825637867,0.5448556752135539,0.5402050447744055,0.08576494254479348,0.3468548662826409,45.0
PRESIDENTE NEREU,0.3545747152187322,0.1602801128010664,0.4047809521845893,0.094563142878025,0.1968574666039874,0.3509435805625299,0.438846706341063,0.0913141373101789,0.2292460882919538,0.023004217750711292,0.09276325761774054,260.0
PRINCESA,0.7769502176807314,0.2434016897362366,0.5907668324860783,0.2997840467650454,0.7909096358969901,0.2843580895656752,0.968109993843628,0.3179361570698549,0.1688672224026184,0.11172050399148464,0.4519379478345016,17.0
QUILOMBO,0.6856271683370334,0.2551815694759995,0.6173456574434596,0.2820996535392175,0.645436130181422,0.2529147979122496,0.8609133530126757,0.3699161293760531,0.140447009575946,0.10801043624688735,0.4369174539735165,21.0
RANCHO QUEIMADO,0.3955655954060555,0.2452275662083046,0.3743486796102314,0.0288299637182017,0.1430310323467496,0.5352657721110264,0.3163349066283602,0.1387690023827888,0.3516861300338204,0.03631316517403763,0.14664555218213401,202.0
RIO DAS ANTAS,0.5335772590750707,0.233887221933969,0.4310669180470394,0.1202808495263784,0.1647644310968551,0.3335283292917854,0.7300088925371093,0.2175641601727686,0.2502102836951694,0.053795816277075234,0.2174254062560449,130.0
RIO DO CAMPO,0.4644820515822701,0.2364077282137988,0.3513908394956174,0.0706218714629307,0.102388430988069,0.1981120882722359,0.668946804386985,0.162815973277629,0.3099994831499687,0.038585225430134276,0.15584416241726656,194.0
RIO DO OESTE,0.3989853880204896,0.32748462787293,0.3771060049348798,0.0941063452466155,0.111072871806327,0.1840156047387205,0.5605376564744509,0.2146091750911336,0.4403600806547262,0.04927326693104963,0.19911551830672036,153.0
RIO DO SUL,0.3844671993976829,0.3194326372488975,0.3243341544359106,0.0989392641869278,0.1361917238639136,0.2541095827103463,0.5172994048840551,0.2700479939323955,0.3688172805653993,0.03983192231087977,0.16089151037230492,185.0
RIO DOS CEDROS,0.3791749923903971,0.5030559730182751,0.3627469893668224,0.0611428830655601,0.1704566430178639,0.1455736321145987,0.5312453561850308,0.4302206005706704,0.5758913454658798,0.06919262601287862,0.27976057155111766,84.0
RIO FORTUNA,0.4810719724540057,0.3831807695758404,0.3542630765518613,0.0915596984515077,0.1434795373412984,0.6531608281604192,0.3477324030371433,0.1937910652142337,0.5725704739374471,0.0653039800151175,0.26401708993357237,93.0
RIO NEGRINHO,0.4773242946529935,0.345675539527571,0.3704538768530712,0.0656880510013693,0.122311505045123,0.2999565906295389,0.6661276421095834,0.3184555575854801,0.3728955214696619,0.06112464261906151,0.24709672189127446,104.0
RIO RUFINO,0.4712227855884357,0.1078752785836894,0.4784317061518215,0.0183967058168093,0.1759470853237706,0.6241703993084972,0.45458649702442,0.0898574199271905,0.1258931372401884,0.024320257314915283,0.09809134474599462,257.0
RIQUEZA,0.8033554553692148,0.1996197871460161,0.3932157180717084,0.76944509947501,0.9488161082707498,0.0674735531202396,0.8458444490047197,0.1514771103330331,0.2477624639589991,0.06305829225404205,0.2549252507675508,97.0
RODEIO,0.3416845192169268,0.4245423206702486,0.3741146360923312,0.1052065276898657,0.1999974943240239,0.1842745942702639,0.4487995074902522,0.2742181952928217,0.5748664460476756,0.05426889654199399,0.21934070799826055,128.0
ROMELANDIA,0.7388215924345222,0.0420108065883402,0.3746339902985654,0.2928941329522169,0.7814046409669995,0.2755074183344307,0.912153309444506,0.0051229901201386,0.0788986230565418,0.011628073744813755,0.046706065952952326,284.0
SALETE,0.4291112351052992,0.4683999251822791,0.4237262048161156,0.0809962532251636,0.0934695921503136,0.1125180227437486,0.6291812025446335,0.4265516661599599,0.5102481842045983,0.08516713261077363,0.3444345869071343,46.0
SALTINHO,0.7013855451685292,0.1671107006262702,0.5346920456314063,0.0982501523315443,0.6088667306706084,0.3547018455590048,0.9098531265574152,0.130604982590767,0.2036164186617734,0.06267073594351978,0.2533561993151985,101.0
SALTO VELOSO,0.5662160713068722,0.4096793052659032,0.408415167629996,0.0994508775341064,0.2437527716282111,0.4547375213337031,0.7463574799917915,0.4760185294625705,0.343340081069236,0.09473884393556113,0.38318639444554287,29.0
SANGAO,0.6740405948564976,0.5209678613421458,0.5288910332275395,0.6190581832623832,0.2398714277896281,0.8234654034569774,0.416068130515083,0.5350330619227283,0.5069026607615634,0.1857219306455997,0.7515384002469745,3.0
SANTA CECILIA,0.5033059107161136,0.3747189915701669,0.4476140627714589,0.0656888070802075,0.1516692848728228,0.3641038063136476,0.6889970774924462,0.3649086506840721,0.3845293324562618,0.08441924382628112,0.3414067017930341,48.0
SANTA HELENA,0.8114376827602696,0.2523572802659782,0.3533222710501594,0.7232902667973969,0.9644484550172324,0.0613393285712646,0.8846295916273342,0.2160920325708034,0.2886225279611531,0.07235058112863364,0.29254579508201933,73.0
SANTA ROSA DE LIMA,0.5058885347470565,0.3596752909264112,0.4748216145383168,0.0771923747672447,0.1885373237394248,0.6890630598858972,0.3360632800402963,0.1226087275299942,0.5967418543228282,0.08639645457318826,0.349411591172491,44.0
SANTA ROSA DO SUL,0.4165608791639111,0.113966844648486,0.4591135792459123,0.2951658227114955,0.0368192133936629,0.5510854189364036,0.2450749025241122,0.0466115847762501,0.1813221045207219,0.021796017287832807,0.08787176536347296,262.0
SANTA TEREZINHA,0.4844586975203745,0.1063665796108173,0.3687244507262874,0.0918013690902872,0.054627098489163,0.2048568884250547,0.7048768448316982,0.0554082318993452,0.1573249273222893,0.019000450080812713,0.07655369707963511,265.0
SANTA TEREZINHA DO PROGRESSO,0.716396997387896,0.091167824394328,0.5008990199473672,0.1500640550942761,0.6621272185506615,0.3540349824949643,0.9129899445926531,0.0507951335372335,0.1315405152514225,0.0327148949377847,0.13207767910959822,218.0
SANTIAGO DO SUL,0.7043712662323208,0.2353715275453879,0.4234955933680382,0.1311709050591802,0.5892723538606349,0.3276194217288189,0.9173814898419864,0.1083542363926819,0.3623888186980938,0.07021088589699258,0.2838830748020337,75.0
SANTO AMARO DA IMPERATRIZ,0.4548827816716191,0.235993188408923,0.3100649677816394,0.0529650009259658,0.2176227610736116,0.6488762698177517,0.1240931422846173,0.1368897385645747,0.3350966382532714,0.03328523802154514,0.13438675683486465,213.0
SAO BENTO DO SUL,0.4119665185709516,0.3256160081436577,0.3368894522534138,0.0528346792487695,0.264706385220572,0.1670377904393352,0.5622306587317872,0.3328500119103709,0.3183820043769446,0.045191325836041685,0.18258946666042497,168.0
SAO BERNARDINO,0.7236366158043985,0.1410263584773091,0.510169592404706,0.0839745737819534,0.5548926574186732,0.4063307639807135,0.9487789862507696,0.1078541667463573,0.174198550208261,0.05206374397815183,0.21041297868766765,138.0
SAO BONIFACIO,0.4982202210783159,0.3257963790237382,0.4218589562306108,0.0787451544975777,0.2030115251075852,0.7004185019003122,0.201912579519803,0.1953180418603107,0.4562747161871658,0.06847544717005405,0.27685701799160056,85.0
SAO CARLOS,0.692733131018274,0.2675617700226341,0.3989428171033957,0.7662971112265541,0.7873069165140727,0.0985684016947061,0.7404649526545688,0.2694557446806578,0.2656677953646103,0.07394361338560154,0.2989953083748648,68.0
SAO CRISTOVAO DO SUL,0.4359798595440189,0.2798930940536913,0.4116996987132299,0.0665919012480515,0.1408215757429298,0.283298372888773,0.5994254052944795,0.1848229079616252,0.3749632801457573,0.05023878866424504,0.203024507108132,146.0
SAO DOMINGOS,0.7342453883233039,0.1366247676497528,0.3777728806335893,0.0826315887456095,0.539296962710678,0.4253364225629367,0.9653396265134414,0.0879251186143318,0.1853244166851737,0.037896704177983374,0.15305663131189776,198.0
SAO FRANCISCO DO SUL,0.4275266824398753,0.100624673974219,0.1872967383877604,0.076770875134626,0.567778913094769,0.3631566788735939,0.1413913400369379,0.0945382564181148,0.1067110915303232,0.00805745568391601,0.032250144833523155,290.0
SAO JOAO BATISTA,0.3794860793068154,0.4213753675253288,0.4768195970937443,0.0999259470707722,0.2470609820886258,0.482307326488945,0.2773650728504,0.3500304012211286,0.492720333829529,0.07624635556547123,0.30831813673198377,61.0
SAO JOAO DO ITAPERIU,0.3684984908295473,0.4433125859754917,0.3479354859548657,0.0993899711832518,0.4424039826205483,0.3347790136890542,0.3017990286613309,0.4302795962985618,0.4563455756524216,0.05683874756077168,0.22974494697945103,121.0
SAO JOAO DO OESTE,0.8410845415437815,0.2481423105056739,0.4785867350624451,0.9741269821569676,0.9767270338049162,0.0195563591562543,0.8513578220124496,0.2268723063607869,0.2694123146505609,0.09988519687183557,0.4040217990815742,28.0
SAO JOAO DO SUL,0.4298815595615334,0.1626296340798697,0.3910728341568092,0.2631671486312619,0.0367670559813937,0.5927733773391894,0.1752513851836648,0.069085226071402,0.2561740420883374,0.027340480908857965,0.11031895164553991,241.0
SAO JOAQUIM,0.6163526373763202,0.084584032732689,0.3096563211804785,0.0668068136574956,0.130707601223855,0.8622991076329133,0.4218111459646446,0.0302642812682988,0.1389037841970792,0.016143496201725224,0.06498710014499906,271.0
SAO JOSE,0.5077115700831312,0.1716350067098089,0.3012287854361279,0.0746793945508155,0.1904525232333143,0.742156372368509,0.0857787810383746,0.1446482385486587,0.1986217748709591,0.026249401309801315,0.10590163219272347,248.0
SAO JOSE DO CEDRO,0.767666429450408,0.2478784247370381,0.3875379312146405,0.2600243809271647,0.7667159534002811,0.3397090984028463,0.9549764005745944,0.157521420201755,0.3382354292723212,0.07374379663946855,0.2981863349503274,70.0
SAO JOSE DO CERRITO,0.4684262873785978,0.0587210564540342,0.3841099791977242,0.1920249481065722,0.2791850917935462,0.3870511662881628,0.5778298185681003,0.0205678018415087,0.0968743110665598,0.010565515944147232,0.04240421918880768,286.0
SAO LOURENCO DO OESTE,0.7317872199124091,0.3912542355664717,0.4125504947978646,0.0848333533290032,0.5060335389276426,0.4040013575002508,0.9718859019084752,0.4617020616855594,0.3208064094473841,0.1181193327566513,0.47784409694044283,11.0
SAO LUDGERO,0.5160029216225528,0.5406186585443327,0.3682452981398947,0.1765583177160256,0.1303716565908254,0.6770772883946773,0.4357069567001844,0.5734773054904245,0.5077600115982408,0.10272600565078745,0.41552303133983065,24.0
SAO MARTINHO,0.543181381128241,0.3266775265833889,0.4295130375733706,0.1510690098833769,0.1624741712197417,0.7659136893243526,0.2023394213010463,0.1858953063999136,0.4674597467668641,0.0762150054105696,0.3081912132250137,62.0
SAO MIGUEL DA BOA VISTA,0.7297531293272822,0.1003288661171313,0.4879182872891268,0.3023603854061947,0.763779306360012,0.3013333215099621,0.8941104042684178,0.0171504032953907,0.183507328938872,0.035723085736319105,0.14425657031390487,204.0
SAO MIGUEL DO OESTE,0.756443843995102,0.3041354035202147,0.3915014766591123,0.4094337502085754,0.9122469057618424,0.1766140551305931,0.904268417812436,0.3036831905120354,0.304587616528394,0.09006935970898985,0.36428162936104613,36.0
SAO PEDRO DE ALCANTARA,0.4145949888918165,0.1515845021884015,0.3711242299183104,0.0530663409046986,0.2229700272174266,0.5756156124165004,0.1626454809299053,0.036616734905105,0.2665522694716981,0.02332373830054705,0.09405686107397271,259.0
SAUDADES,0.6738727135543033,0.3487862824965744,0.316289194313882,0.5340066169996793,0.7630763670831343,0.1457988045710055,0.7896199839561215,0.4184315826929154,0.2791409823002334,0.07433984005463545,0.3005994624387493,67.0
SCHROEDER,0.3127756999302048,0.34009031223521,0.3875038976442411,0.0689367957559535,0.4184958840013822,0.0,0.3407893836787741,0.3183718037113974,0.3618088207590226,0.04121955896158576,0.1665094637974302,180.0
SEARA,0.6552469117706319,0.3775390743392322,0.5555577468381833,0.4452198140621717,0.8076682604484271,0.0765537464318663,0.6818604314288816,0.5289053664053674,0.2261727822730969,0.13743460460099752,0.5560434566647358,6.0
SERRA ALTA,0.6880725134058367,0.2706642922276858,0.3940685072891976,0.2097218257563534,0.6732081837613159,0.283460071051413,0.8676380053355224,0.2059251141745171,0.3354034702808544,0.07339000254658738,0.2967539724259738,72.0
SIDEROPOLIS,0.45145584463787,0.3673793951930586,0.2933278672691644,0.1266368622834188,0.0972658910047265,0.5691732034483137,0.5418779865732464,0.367831960713142,0.3669268296729751,0.048650062136216816,0.19659242588918857,157.0
SOMBRIO,0.4577036857698676,0.2606191461854715,0.4210887807421211,0.3433808127067655,0.0330508552849388,0.5937246994156485,0.3165743210889938,0.1669563356126364,0.3542819567583067,0.050230141066258206,0.20298949664433044,147.0
SUL BRASIL,0.6899942187845161,0.1562842394231515,0.4258382817993212,0.2228775975409462,0.630468607168925,0.3068702174316388,0.8719474656269237,0.1026030368047252,0.2099654420415778,0.045920365521539365,0.18554103975134195,166.0
TAIO,0.4304094836482494,0.3210471493117064,0.3445587569010325,0.0749566477850146,0.1249247997317306,0.1765783751692296,0.613363209300004,0.2854085089767069,0.3566857896467059,0.0476117277896971,0.19238864963732333,162.0
TANGARA,0.5321993298871354,0.2851680853132026,0.5847480948320035,0.1497851681193103,0.2852782853196683,0.3967802703028161,0.6851501830710576,0.3331604637304344,0.2371757068959707,0.0887450336804909,0.3589199938464444,39.0
TIGRINHOS,0.7074275020804014,0.0681196049203607,0.5179906922802596,0.249189141110132,0.7045143562004239,0.2828763797882268,0.8845680279088857,0.0626290809764488,0.0736101288642726,0.024961806714830576,0.10068870670440605,254.0
TIJUCAS,0.4579560900808852,0.3428004797313665,0.3718997875029591,0.1197457437295844,0.3046010643714583,0.5888061184888038,0.2952713201020197,0.3161041646531529,0.3694967948095801,0.05838364294760266,0.23599957446099792,116.0
TIMBE DO SUL,0.4411922466479775,0.1899954552374488,0.4188063737183227,0.0888854170240943,0.0347691216628344,0.5938672628219288,0.4365471203872478,0.082954700006306,0.2970362104685916,0.03510624398241964,0.14175923915569666,208.0
TIMBO,0.3281515586506853,0.4737024483926493,0.3148301801734267,0.1086781896885777,0.2388140010758408,0.1978926568527203,0.4159655243176687,0.4481925372410079,0.4992123595442906,0.04893915413848041,0.19776283703641995,155.0
TIMBO GRANDE,0.5472501995135031,0.282163564569303,0.452554971092759,0.1041159233448756,0.1080387142555345,0.2316688341489036,0.7868356248717421,0.2545393055566722,0.3097878235819338,0.06988085363021218,0.28254691385340386,81.0
TRES BARRAS,0.6071211920804589,0.2894988543907116,0.6283591995769808,0.297601384628056,0.1397614859337147,0.2714246613433594,0.8296364009477082,0.4174711555876451,0.161526553193778,0.11044097189569907,0.4467576639926046,18.0
TREVISO,0.4712847111662436,0.4746348393540038,0.5987552290587376,0.1190018161584319,0.1095235632717382,0.5945088859487634,0.5692078801559616,0.6145765023560914,0.3346931763519163,0.13393444540410446,0.5418727936610851,7.0
TREZE DE MAIO,0.61544841532808,0.500403989574281,0.4594907119513154,0.4164455938507109,0.2497160698460263,0.7629154621775363,0.4428483480402214,0.3786106921743314,0.6221972869742306,0.14151066061941908,0.5725456821270306,5.0
TREZE TILIAS,0.5630982948596621,0.5373778915470769,0.391061150937691,0.1061201229526847,0.2807275735046731,0.4507931668320061,0.7334290991175866,0.6559879856200297,0.4187677974741241,0.11833376466461504,0.4787122409687719,10.0
TROMBUDO CENTRAL,0.3908990971124175,0.4551716198493386,0.3839486367017784,0.0854957098945469,0.1141805024797368,0.2523164824400997,0.5350400164169913,0.3472164745252115,0.5631267651734657,0.06831451241323656,0.27620546128342016,86.0
TUBARAO,0.6358559523010097,0.2879518275496039,0.2914003052360519,0.4675975239114548,0.3228129149728413,0.7986025093587223,0.3034246327301696,0.20674205303889,0.3691616020603179,0.053354196346174484,0.21563747408940373,132.0
TUNAPOLIS,0.8284965666134132,0.1838986920839672,0.330087501388925,0.8258113169187599,0.9761873227275836,0.0419774386790861,0.8792471636715423,0.0926205293507256,0.2751768548172089,0.050291945210945155,0.20323971546505296,145.0
TURVO,0.4301009048468028,0.3765269499245389,0.2644434194653027,0.263943704604658,0.0154103356792166,0.5446444258667942,0.4382310691565771,0.3209389892414866,0.4321149106075911,0.042825178991400065,0.17300993965424455,174.0
UNIAO DO OESTE,0.669444296369049,0.1176042499605499,0.4538741627331197,0.3974656522656473,0.6814856166188663,0.1723552054949262,0.8208495793145905,0.099967725449022,0.1352407744720779,0.0357332833372482,0.14429785608351792,203.0
URUBICI,0.4830409791705184,0.1074109181405466,0.3649866114082476,0.0,0.1953678966312388,0.6534555938963419,0.4016819672511993,0.0302821458528735,0.1845396904282196,0.018936919749336246,0.07629648965928051,266.0
URUPEMA,0.4926631892894489,0.0626099254417679,0.4032031529704836,0.035887487123478,0.1608631435638808,0.661249371964719,0.4383080238046378,0.032273993765174,0.0929458571183618,0.012437045412768048,0.04998124980637742,280.0
URUSSANGA,0.5211536119130689,0.4082456363863651,0.3572182213197551,0.1909278660640779,0.1315848635849536,0.6519265640214325,0.587083345548357,0.4202918759195108,0.3961993968532195,0.07600128008000369,0.30732592982948076,63.0
VARGEAO,0.6719994582389662,0.2733572001345826,0.4959523996726206,0.0725911768072293,0.6061550418822002,0.382658845949983,0.8629181202544635,0.3432324336590567,0.2034819666101085,0.09110441765197433,0.3684721408418681,35.0
VARGEM,0.5086237666025375,0.1128584434827662,0.5645001381181162,0.2002258091128176,0.3755230470922319,0.4163831990932488,0.6153716155044003,0.0637438871893558,0.1619729997761766,0.032403711623678604,0.13081782959176175,222.0
VARGEM BONITA,0.584595680801709,0.3754259157614908,0.5631086942200031,0.0782073834755058,0.371419540265231,0.4345974531923385,0.7585082138961193,0.5782426415915074,0.1726091899314742,0.1235867990208947,0.49997955351715956,9.0
VIDAL RAMOS,0.3498424124107601,0.1273240011683787,0.6818836668171354,0.0719821132986833,0.1688440962583505,0.4247302454852549,0.4266365688487584,0.0874495196949472,0.1671984826418101,0.0303733730974771,0.12259784832243284,230.0
VIDEIRA,0.5360233945699671,0.3017710792867036,0.409782478173984,0.12710877201692,0.2184392495897673,0.3733475497413034,0.7138583170423493,0.342679717589526,0.2608624409838814,0.06628492136551602,0.26798850623806003,91.0
VITOR MEIRELES,0.4370650788586957,0.3502064249280527,0.5272065779157127,0.1091926880734284,0.0433844465095537,0.1628273568717617,0.6362232278829644,0.1627841346656789,0.5376287151904265,0.08069581976490663,0.3263321338590218,55.0
WITMARSUM,0.4214045112009948,0.589003797556218,0.4438629135777406,0.1236306988233812,0.0691956867331385,0.1337418061104036,0.6089335795882072,0.3949968775344174,0.7830107175780187,0.11017070662345553,0.44566347430604614,19.0
XANXERE,0.6888447296060354,0.2226742853617367,0.3323671680127096,0.1165899246645898,0.852545617488417,0.2000462635029926,0.8683152062384566,0.172253554796356,0.2730950159271174,0.05098113778958446,0.2060299644872071,139.0
XAVANTINA,0.6263236424082222,0.0716326136217267,0.3490448778308255,0.2581839017431586,0.7693832588619206,0.1370244915965026,0.768464451616514,0.0139217045762239,0.1293435226672296,0.015659968070926625,0.06302949941631958,274.0
XAXIM,0.6740949153172364,0.2880357750970473,0.431699724958966,0.3755393659579925,0.8348617032856521,0.0958562380174292,0.7470552021342085,0.3471021251010465,0.2289694250930481,0.08382030857612442,0.3389818664888252,49.0
ZORTEA,0.5521334411850728,0.0575733567259557,0.4133053977655461,0.4833618788758847,0.422771824117969,0.3523046452841857,0.6317258362405086,0.009075990403772,0.1060707230481393,0.013138224548066646,0.05282002732264798,279.0
