municipio,def_mean,ppt_std,ws_std,dtr_mean,hazard_mean,hazard_max,hazard_index
Bocaina do Sul,0.05852833544026622,0.08729568390652451,0.5025781483517973,0.5017736214124476,0.2875439472777589,0.5025781483517973,0.3950610478147781
Massaranduba,0.10279202592384427,0.3790102662767728,0.13829367359796516,0.3471607399372632,0.24181417643396136,0.3790102662767728,0.31041222135536706
Blumenau,0.12551879569987373,0.30399287914565204,0.2115962702065967,0.37868527259046436,0.2549483044106467,0.37868527259046436,0.3168167885005555
Timbé do Sul,0.08888541702409435,0.03476912166283447,0.5938672628219288,0.43654712038724786,0.28851723047402633,0.5938672628219288,0.44119224664797757
Lontras,0.11526438099235438,0.1638983997381492,0.27964483127434736,0.4861668190213232,0.26124360775654354,0.4861668190213232,0.37370521338893337
Ascurra,0.10886090874114156,0.1886975891157991,0.21869243009211986,0.45618715370408336,0.24310952041328598,0.45618715370408336,0.3496483370586847
Tigrinhos,0.249189141110132,0.7045143562004239,0.28287637978822683,0.8845680279088857,0.5302869762519171,0.8845680279088857,0.7074275020804014
Arroio Trinta,0.11560324178074541,0.22596908064012436,0.3882667973430275,0.7395854709624462,0.36735614768158587,0.7395854709624462,0.553470809322016
Lindóia do Sul,0.12710236082209325,0.6109464994675943,0.28789881313976695,0.772829878924687,0.44969438808853535,0.772829878924687,0.6112621335066112
Tijucas,0.11974574372958446,0.30460106437145834,0.5888061184888038,0.2952713201020197,0.3271060616729666,0.5888061184888038,0.4579560900808852
Arvoredo,0.44008487127615115,0.8341114547804438,0.06178978089855146,0.6949517750872152,0.5077344705105904,0.8341114547804438,0.6709229626455171
Leoberto Leal,0.05383560347053444,0.16869729468098404,0.4889215620592952,0.3902656896947162,0.2754300374763825,0.4889215620592952,0.3821757997678389
Treviso,0.1190018161584319,0.10952356327173823,0.5945088859487634,0.5692078801559616,0.3480605363837238,0.5945088859487634,0.4712847111662436
Balneário Arroio do Silva,0.598456610085816,0.03539840966885398,0.8138385440655621,0.40221629386414937,0.46247746442109533,0.8138385440655621,0.6381580042433287
Treze de Maio,0.41644559385071095,0.24971606984602635,0.7629154621775363,0.4428483480402214,0.46798136847862376,0.7629154621775363,0.61544841532808
Major Gercino,0.060836251092292196,0.19878309894710125,0.4701521012707648,0.3121964566659826,0.26049197699403526,0.4701521012707648,0.3653220391324
Balneário Camboriú,0.11790550184304915,0.33676393896176393,0.7919687187092468,0.4403857993022775,0.42175598970408434,0.7919687187092468,0.6068623542066656
Macieira,0.0926119644238617,0.19243536033811745,0.393572837701125,0.7551522969130193,0.35844311484403085,0.7551522969130193,0.5567977058785251
Luzerna,0.10876954921485966,0.377454229484479,0.42757447680507865,0.720500718243382,0.4085747434369498,0.720500718243382,0.5645377308401659
Timbó,0.10867818968857777,0.23881400107584083,0.19789265685272034,0.4159655243176687,0.24033759298370194,0.4159655243176687,0.32815155865068535
Luiz Alves,0.11316785783728803,0.37207223402814094,0.30780209569316397,0.35824220925801037,0.28782109920415083,0.37207223402814094,0.3299466666161459
Três Barras,0.297601384628056,0.13976148593371476,0.27142466134335946,0.8296364009477082,0.3846059832132096,0.8296364009477082,0.6071211920804589
Atalanta,0.08172712943541881,0.10510001690456112,0.34681959771554716,0.5145085163143851,0.26203881509247806,0.5145085163143851,0.3882736657034316
Mafra,0.2102033151516229,0.13404793934363549,0.28399552479562495,0.7885036688648427,0.3541876120389315,0.7885036688648427,0.5713456404518871
Timbó Grande,0.10411592334487565,0.10803871425553457,0.23166883414890369,0.7868356248717421,0.307664774155264,0.7868356248717421,0.5472501995135031
Aurora,0.08085007798311263,0.14086889960471422,0.3124207279177013,0.4944387441001432,0.25714461240141784,0.4944387441001432,0.3757916782507805
Siderópolis,0.12663686228341883,0.09726589100472655,0.5691732034483137,0.5418779865732464,0.3337384858274264,0.5691732034483137,0.45145584463787003
Laguna,0.41861297840184586,0.38339732319888303,0.9510995857170443,0.07463250780347123,0.45693559878031115,0.9510995857170443,0.7040175922486778
Antônio Carlos,0.05921052003486564,0.2165018257980571,0.5629788459131365,0.19564634011586576,0.25858438296548125,0.5629788459131365,0.4107816144393089
Serra Alta,0.20972182575635342,0.6732081837613159,0.283460071051413,0.8676380053355224,0.5085070214761511,0.8676380053355224,0.6880725134058367
Lajeado Grande,0.2405556658764929,0.7816172287364865,0.1839661017404667,0.8316232300430947,0.5094405565991352,0.8316232300430947,0.670531893321115
Arabutã,0.3684133229080047,0.6804540850767967,0.16989003837984376,0.7167189469672537,0.48386909833297476,0.7167189469672537,0.6002940226501142
Apiúna,0.10544546798937227,0.1981361415596451,0.2917109802360823,0.4490994332980788,0.26109800577079456,0.4490994332980788,0.35509871953443667
Seara,0.44521981406217176,0.8076682604484271,0.07655374643186631,0.6818604314288816,0.5028255630928367,0.8076682604484271,0.6552469117706319
Lages,0.13157368140548392,0.12785561169264292,0.5319691619547237,0.49366072145540185,0.3212647941270631,0.5319691619547237,0.4266169780408934
Anitápolis,0.040302109947028215,0.16893263167499944,0.6380462011957403,0.31510363225938814,0.290596143769289,0.6380462011957403,0.46432117248251464
Taió,0.0749566477850146,0.12492479973173064,0.17657837516922964,0.613363209300004,0.24745575799649472,0.613363209300004,0.4304094836482494
Lauro Müller,0.07557993845273703,0.1118253945255502,0.6239701341738213,0.536073407405236,0.33686221863933613,0.6239701341738213,0.48041617640657874
Tangará,0.1497851681193103,0.2852782853196683,0.39678027030281615,0.6851501830710576,0.3792484767032131,0.6851501830710576,0.5321993298871354
Lebon Régis,0.10011232050438733,0.15254175649054783,0.37236886213701426,0.7258690744920997,0.33772300340601225,0.7258690744920997,0.5317960389490559
Armazém,0.24660062119881165,0.14411382083511468,0.776481730702339,0.2509063547438263,0.35452563187002295,0.776481730702339,0.5655036812861809
Sombrio,0.3433808127067655,0.033050855284938875,0.5937246994156485,0.3165743210889938,0.3216826721240867,0.5937246994156485,0.45770368576986764
Laurentino,0.0892186105905342,0.12376518164455749,0.24703407801634433,0.5351939257131134,0.24880294899113736,0.5351939257131134,0.39199843735212536
Araquari,0.09336301091914015,0.49784740911155295,0.32969869665834006,0.2359382870361732,0.2892118509313016,0.49784740911155295,0.39352963002142727
Sul Brasil,0.22287759754094624,0.630468607168925,0.3068702174316388,0.8719474656269237,0.5080409719421084,0.8719474656269237,0.6899942187845161
Araranguá,0.5524973942762416,0.040249003996870106,0.7287602276661188,0.4584203474125129,0.44498174333793583,0.7287602276661188,0.5868709855020273
Alfredo Wagner,0.026629504270897792,0.1345532662138924,0.5999234896324207,0.39584884641318036,0.28923877663259784,0.5999234896324207,0.44458113313250924
São Miguel da Boa Vista,0.30236038540619475,0.763779306360012,0.3013333215099621,0.8941104042684178,0.5653958543861466,0.8941104042684178,0.7297531293272822
Jardinópolis,0.26207083431587913,0.652261389847697,0.2766759815318685,0.8624050892673919,0.5133533237407091,0.8624050892673919,0.6878792065040504
São Martinho,0.15106900988337696,0.1624741712197417,0.7659136893243526,0.20233942130104637,0.3204490729321294,0.7659136893243526,0.543181381128241
Alto Bela Vista,0.5658595311084358,0.636497506657067,0.1702630257882291,0.6361584239688076,0.5021946218806349,0.636497506657067,0.5693460642688509
Jaraguá do Sul,0.06707810194539085,0.3314227286049093,0.044675958733289424,0.40484867354953724,0.2120063657082817,0.40484867354953724,0.30842751962890946
São Lourenço do Oeste,0.08483335332900324,0.5060335389276426,0.40400135750025085,0.9718859019084752,0.4916885379163429,0.9718859019084752,0.7317872199124091
Águas Frias,0.5027118265423901,0.6857596092192458,0.1747287673220013,0.7919146316437512,0.5387787086818471,0.7919146316437512,0.6653466701627991
São Ludgero,0.1765583177160256,0.13037165659082545,0.6770772883946773,0.4357069567001844,0.3549285548504282,0.6770772883946773,0.5160029216225528
Jaguaruna,0.7108592805879739,0.30864271522886744,0.8877455163056641,0.31096518229701053,0.554553173604879,0.8877455163056641,0.7211493449552715
Águas Mornas,0.038365013224359465,0.1860042307660587,0.6045271476567604,0.21149837450181988,0.2600986915372496,0.6045271476567604,0.432312919597005
José Boiteux,0.11644374942253885,0.06751989930219837,0.1800988594361612,0.5876110345636305,0.23791838568113222,0.5876110345636305,0.41276471012238136
Saudades,0.5340066169996793,0.7630763670831343,0.14579880457100558,0.7896199839561215,0.5581254431524851,0.7896199839561215,0.6738727135543033
Joinville,0.08538466081518709,0.47955919420809007,0.026395333510012168,0.3040327773728566,0.2238429914765365,0.47955919420809007,0.35170109284231327
Schroeder,0.06893679575595353,0.4184958840013822,0.0,0.3407893836787741,0.20705551585902746,0.4184958840013822,0.3127756999302048
Angelina,0.03933630924061961,0.17134729598867346,0.5084239128935357,0.3041760722347631,0.25582089758939797,0.5084239128935357,0.38212240524146684
Lacerdópolis,0.28673790641199076,0.41546185121103,0.38425982500934264,0.6854093987276834,0.44296724534001164,0.6854093987276834,0.5641883220338475
Anita Garibaldi,0.371582356475908,0.43102418123429576,0.41998201245224004,0.5720936794582394,0.4486705574051708,0.5720936794582394,0.5103821184317051
Jupiá,0.08035673654119038,0.44738513048310347,0.39441068796850676,1.0,0.48053813874820017,1.0,0.7402690693741001
São Miguel do Oeste,0.4094337502085754,0.9122469057618424,0.1766140551305931,0.904268417812436,0.6006407822283617,0.9122469057618424,0.756443843995102
Joaçaba,0.13274791103592312,0.39981746310975325,0.3868587730824139,0.7096560324551294,0.40727004492080493,0.7096560324551294,0.5584630386879672
Anchieta,0.19999203620733158,0.7282671689157886,0.3628742512986213,0.9311512415349887,0.5555711744891826,0.9311512415349887,0.7433612080120857
São Pedro de Alcântara,0.05306634090469866,0.22297002721742662,0.5756156124165004,0.1626454809299053,0.25357436536713274,0.5756156124165004,0.41459498889181656
Itapoá,0.05788229307584426,0.599688966072875,0.24167124323196174,0.11922840139544405,0.25461772594403126,0.599688966072875,0.4271533460084531
São José,0.0746793945508155,0.19045252323331432,0.742156372368509,0.08577878103837464,0.27326676779775333,0.742156372368509,0.5077115700831312
Itapiranga,1.0,0.9848574364746696,0.03337217413799619,0.8696901292838087,0.7219799349741186,1.0,0.8609899674870594
Agrolândia,0.0769581621635039,0.09102573781599568,0.31918436083700275,0.5266981325672072,0.2534665983459274,0.5266981325672072,0.39008236545656727
São João do Sul,0.2631671486312619,0.036767055981393786,0.5927733773391894,0.17525138518366484,0.26698974178387747,0.5927733773391894,0.42988155956153346
Abdon Batista,0.30836519790635925,0.452119882275685,0.42127473083729977,0.5977650504635933,0.44488121537073433,0.5977650504635933,0.5213231329171638
Itajaí,0.12528454050427915,0.32743297837318747,0.5780112679357315,0.4141501839018767,0.36121974267876866,0.5780112679357315,0.4696155053072501
São Joaquim,0.06680681365749563,0.13070760122385502,0.8622991076329133,0.42181114596464464,0.3704061671197272,0.8622991076329133,0.6163526373763202
Itapema,0.1085868301622959,0.3426906156717674,0.739645520551985,0.372050071824338,0.39074325955259653,0.739645520551985,0.5651943900522908
Abelardo Luz,0.07305939437942406,0.5825299169778242,0.4034701976026431,0.9245331418017648,0.49589816269041403,0.9245331418017648,0.7102156522460894
São José do Cerrito,0.19202494810657222,0.2791850917935462,0.38705116628816283,0.5778298185681003,0.3590227561890954,0.5778298185681003,0.46842628737859787
Jaborá,0.15676375368828174,0.45124708415825904,0.34473499007588565,0.7208427389014295,0.418397141705964,0.7208427389014295,0.5696199403036968
Água Doce,0.07407747357808404,0.27689079668555944,0.49077262227781787,0.7650011792055523,0.40168551793675344,0.7650011792055523,0.5833433485711529
Jacinto Machado,0.12590859634534313,0.026193183234397663,0.5165557494293269,0.3545906012723166,0.25581203257034607,0.5165557494293269,0.3861838909998365
Águas de Chapecó,0.802371072747005,0.76430961720151,0.08388419464118187,0.7389698337779598,0.5973836795919142,0.802371072747005,0.6998773761694597
São José do Cedro,0.26002438092716473,0.7667159534002811,0.3397090984028463,0.9549764005745943,0.5803564583262216,0.9549764005745943,0.767666429450408
Ituporanga,0.07985185494857991,0.1395408612287364,0.41866067418887015,0.46909393327356974,0.27678683090993905,0.46909393327356974,0.3729403820917544
Agronômica,0.08624942598637261,0.12084213852811462,0.2945632227580155,0.5176482659552635,0.25482576330694157,0.5176482659552635,0.3862370146311025
São Cristóvão do Sul,0.06659190124805156,0.1408215757429298,0.283298372888773,0.5994254052944795,0.27253431379355847,0.5994254052944795,0.43597985954401897
Irati,0.13188350936417906,0.5972954132230619,0.3114473941679817,0.9036527806279504,0.48606977434579324,0.9036527806279504,0.6948612774868719
São Carlos,0.7662971112265541,0.7873069165140727,0.09856840169470617,0.7404649526545688,0.5981593455224754,0.7873069165140727,0.692733131018274
São Domingos,0.08263158874560957,0.539296962710678,0.4253364225629367,0.9653396265134414,0.5031511501331664,0.9653396265134414,0.7342453883233039
Irineópolis,0.17584774362272199,0.01852104889281747,0.1294021903476871,0.8561917139795243,0.2949906742106877,0.8561917139795243,0.575591194095106
São Bonifácio,0.07874515449757777,0.20301152510758524,0.7004185019003122,0.20191257951980301,0.29602194025631956,0.7004185019003122,0.4982202210783159
Ipumirim,0.18254588051542364,0.6797091440382068,0.2268968444204031,0.7774708361615813,0.4666556762839037,0.7774708361615813,0.6220632562227425
Irani,0.10787745031116587,0.5046320007654711,0.35643161542439206,0.7578373027848532,0.43169459232147056,0.7578373027848532,0.5947659475531619
Iraceminha,0.5117259664688704,0.8802086474391954,0.1399648881820784,0.8646282235447019,0.5991319314087115,0.8802086474391954,0.7396702894239534
São João Batista,0.09992594707077226,0.2470609820886258,0.482307326488945,0.2773650728504,0.2766648321246858,0.482307326488945,0.3794860793068154
Itaiópolis,0.12578733733773262,0.0755373746812623,0.2577510502685139,0.7361714829393877,0.29881181130672413,0.7361714829393877,0.517491647123056
São João do Itaperiú,0.0993899711832518,0.44240398262054836,0.3347790136890542,0.30179902866133096,0.29459299903854635,0.44240398262054836,0.36849849082954733
Itá,0.5800019857768732,0.8213074287720094,0.10108433226721616,0.6521649907654422,0.5386396843953852,0.8213074287720094,0.6799735565836973
São João do Oeste,0.9741269821569675,0.9767270338049162,0.019556359156254397,0.8513578220124496,0.705442049282647,0.9767270338049162,0.8410845415437815
São Francisco do Sul,0.07677087513462602,0.567778913094769,0.3631566788735939,0.14139134003693793,0.28727445178498173,0.567778913094769,0.42752668243987535
Santa Helena,0.7232902667973969,0.9644484550172323,0.06133932857126464,0.8846295916273342,0.658426910503307,0.9644484550172323,0.8114376827602696
Santa Cecília,0.06568880708020755,0.15166928487282288,0.36410380631364764,0.6889970774924462,0.31761474393978106,0.6889970774924462,0.5033059107161136
Imbituba,0.13464921138707642,0.2507031009778705,1.0,0.005522078988115997,0.34771859783826575,1.0,0.6738592989191329
Santa Rosa de Lima,0.07719237476724476,0.18853732373942483,0.6890630598858972,0.3360632800402963,0.3227140096082158,0.6890630598858972,0.5058885347470565
Imbuia,0.048198183289963406,0.13988511790465535,0.49220552202436274,0.4299199671660168,0.27755219759624955,0.49220552202436274,0.3848788598103061
Salto Veloso,0.0994508775341064,0.24375277162821113,0.45473752133370315,0.7463574799917915,0.386074662621953,0.7463574799917915,0.5662160713068722
Imaruí,0.18226321257940614,0.24659285035178544,0.9020047205324584,0.09435209886677147,0.35630322058260533,0.9020047205324584,0.6291539705575319
Sangão,0.6190581832623832,0.2398714277896281,0.8234654034569774,0.41606813051508307,0.5246157862560179,0.8234654034569774,0.6740405948564976
São Bento do Sul,0.05283467924876956,0.26470638522057205,0.16703779043933525,0.5622306587317872,0.261702378410116,0.5622306587317872,0.4119665185709516
Ipira,0.4690306145197981,0.5268795850329192,0.27812821133766447,0.6565428551884532,0.48264531651970877,0.6565428551884532,0.569594085854081
São Bernardino,0.08397457378195343,0.5548926574186732,0.4063307639807135,0.9487789862507696,0.49849424535802744,0.9487789862507696,0.7236366158043985
Iomerê,0.12457474726162747,0.23602473311728578,0.37499644856317876,0.7268623024830698,0.3656145578562905,0.7268623024830698,0.5462384301696801
Ipuaçu,0.08210662285228207,0.7013986887272292,0.33222584552038525,0.9326114066520385,0.5120856409379837,0.9326114066520385,0.7223485237950111
Iporã do Oeste,0.8428737960653118,1.0,0.024490987172796328,0.8443806005882758,0.677936345956596,1.0,0.8389681729782981
Santa Terezinha,0.0918013690902872,0.05462709848916303,0.2048568884250547,0.7048768448316982,0.2640405502090508,0.7048768448316982,0.4844586975203745
Santa Rosa do Sul,0.29516582271149555,0.03681921339366295,0.5510854189364036,0.24507490252411226,0.2820363393914186,0.5510854189364036,0.4165608791639111
Santo Amaro da Imperatriz,0.0529650009259658,0.21762276107361161,0.6488762698177517,0.12409314228461737,0.2608892935254866,0.6488762698177517,0.45488278167161916
Santiago do Sul,0.13117090505918028,0.5892723538606349,0.3276194217288189,0.9173814898419865,0.4913610426226552,0.9173814898419865,0.7043712662323208
Santa Terezinha do Progresso,0.15006405509427612,0.6621272185506615,0.3540349824949643,0.9129899445926531,0.5198040501831388,0.9129899445926531,0.716396997387896
Indaial,0.12054662269374393,0.26915049510940176,0.22507158853611658,0.41105908251403844,0.2564569472133252,0.41105908251403844,0.33375801486368184
Rio Negrinho,0.06568805100136936,0.12231150504512309,0.29995659062953894,0.6661276421095834,0.2885209471964037,0.6661276421095834,0.47732429465299353
Rodeio,0.10520652768986577,0.19999749432402394,0.18427459427026394,0.4487995074902522,0.23456953094360147,0.4487995074902522,0.34168451921692683
Ibicaré,0.13373353977138744,0.3366361603187208,0.3857619797414121,0.7075723373691774,0.39092600430017443,0.7075723373691774,0.5492491708346758
Riqueza,0.76944509947501,0.9488161082707498,0.06747355312023967,0.8458444490047197,0.6578948024676798,0.9488161082707498,0.8033554553692148
Ibirama,0.12397438466034644,0.1403847095336016,0.2310853872764776,0.5113599718565855,0.2517011133317528,0.5113599718565855,0.3815305425941692
Rio Rufino,0.01839670581680932,0.17594708532377062,0.6241703993084972,0.45458649702442006,0.3182751718683743,0.6241703993084972,0.4712227855884357
Rio Fortuna,0.09155969845150776,0.14347953734129848,0.6531608281604192,0.34773240303714337,0.3089831167475922,0.6531608281604192,0.4810719724540057
Herval d'Oeste,0.17078158459266274,0.36977587922613775,0.41226295440430794,0.6899556425515793,0.4106940151936719,0.6899556425515793,0.5503248288726256
Ibiam,0.17765463203140833,0.31391044524883277,0.39622798310433355,0.6759285860865998,0.3909304116177936,0.6759285860865998,0.5334294988521967
Ilhota,0.12323045708919386,0.3370709607231601,0.38717028811076953,0.3864735715751514,0.3084863193745687,0.38717028811076953,0.34782830374266915
Saltinho,0.09825015233154434,0.6088667306706084,0.35470184555900486,0.9098531265574152,0.4929179637796432,0.9098531265574152,0.7013855451685292
Salete,0.08099625322516366,0.09346959215031368,0.11251802274374863,0.6291812025446335,0.22904126766596486,0.6291812025446335,0.4291112351052992
Romelândia,0.29289413295221695,0.7814046409669995,0.27550741833443076,0.912153309444506,0.5654898754245383,0.912153309444506,0.7388215924345222
Içara,0.6654301705063127,0.13741143606062498,0.7639928700566344,0.5051697737927986,0.5180010626040927,0.7639928700566344,0.6409969663303636
Rio do Campo,0.07062187146293071,0.10238843098806907,0.19811208827223595,0.668946804386985,0.2600172987775552,0.668946804386985,0.4644820515822701
Guabiruba,0.125853780629574,0.28921126830395033,0.32462916400815683,0.37081879745536594,0.2776282525992618,0.37081879745536594,0.3242235250273139
Guaraciaba,0.32361670185444896,0.8336156238199611,0.2505207122717917,0.9427457418428073,0.5876246949472523,0.9427457418428073,0.7651852183950298
Gravatal,0.30720244029913524,0.20142919909315252,0.8018394574772706,0.276626308229017,0.39677435127464383,0.8018394574772706,0.5993069043759572
Rio das Antas,0.12028084952637842,0.1647644310968551,0.33352832929178544,0.7300088925371093,0.3371456256130321,0.7300088925371093,0.5335772590750707
Guatambú,0.7967067821175277,0.6838016466682326,0.04540005597234365,0.6107120870100552,0.5341551429420398,0.7967067821175277,0.6654309625297837
Rio do Sul,0.0989392641869278,0.13619172386391365,0.25410958271034634,0.5172994048840551,0.2516349939113107,0.5172994048840551,0.3844671993976829
Guarujá do Sul,0.2431594123755269,0.7605118263240338,0.36757001458263033,0.9630617689308432,0.5835757555532586,0.9630617689308432,0.7733187622420509
Rio do Oeste,0.09410634524661557,0.11107287180632705,0.18401560473872056,0.5605376564744509,0.23743311956652852,0.5605376564744509,0.39898538802048966
Rio dos Cedros,0.06114288306556016,0.1704566430178639,0.14557363211459873,0.5312453561850308,0.22710462859576339,0.5312453561850308,0.3791749923903971
Guaramirim,0.0896121593191331,0.4513510808637888,0.10353366384203798,0.2951901371765928,0.23492176030038817,0.4513510808637888,0.3431364205820885
Presidente Getúlio,0.12813776878662136,0.09919670605673972,0.1742847062760201,0.5543470825637867,0.238991565920792,0.5543470825637867,0.39666932424228935
Garuva,0.06969150488610831,0.5735504719259202,0.004492335661714779,0.2607268087688147,0.22711528031063952,0.5735504719259202,0.4003328761182799
Presidente Castello Branco,0.3347016577099855,0.4771174586134852,0.3280521815523727,0.6955674122717012,0.45885967753688617,0.6955674122717012,0.5772135449042937
Garopaba,0.10228302284884513,0.20028931107745152,0.9484946596575874,0.0,0.312766748395971,0.9484946596575874,0.6306307040267792
Rancho Queimado,0.028829963718201707,0.14303103234674966,0.5352657721110264,0.3163349066283602,0.25586541870108453,0.5352657721110264,0.3955655954060555
Grão-Pará,0.06038124482414314,0.13139149200683367,0.6351414951191705,0.437488683139991,0.3161007287725346,0.6351414951191705,0.47562111194585255
Presidente Nereu,0.09456314287802503,0.19685746660398745,0.35094358056252994,0.438846706341063,0.2703027240964014,0.438846706341063,0.3545747152187322
Gaspar,0.13646453703917122,0.31986434673301256,0.28413831928146815,0.3776494385975196,0.27952916041279285,0.3776494385975196,0.32858929950515625
Quilombo,0.28209965353921757,0.645436130181422,0.25291479791224963,0.8609133530126757,0.5103409836613912,0.8609133530126757,0.6856271683370334
Governador Celso Ramos,0.0856555890655403,0.26269253389312647,0.751298626469201,0.18017648265955236,0.319955808021855,0.751298626469201,0.535627217245528
Princesa,0.2997840467650454,0.7909096358969901,0.2843580895656752,0.9681099938436281,0.5857904415178347,0.9681099938436281,0.7769502176807314
Porto Belo,0.11571287321228368,0.32963507163290817,0.6591302279541682,0.3379437718038166,0.36060548615079413,0.6591302279541682,0.5098678570524812
Faxinal dos Guedes,0.07158622201812849,0.7286116714102918,0.294909388345863,0.8688692797044942,0.49099414036969435,0.8688692797044942,0.6799317100370943
Flor do Sertão,0.4113523002604953,0.8608566621350318,0.20175257220735224,0.8918530679253024,0.5914536506320455,0.8918530679253024,0.7416533592786739
Ponte Alta do Norte,0.06763949048275064,0.17600460139598617,0.33281431717980536,0.6290785963472194,0.3013842513514404,0.6290785963472194,0.4652314238493299
Entre Rios,0.2080773542832793,0.6450548273745805,0.2723132084341048,0.8746152267596962,0.5000151542129152,0.8746152267596962,0.6873151904863057
Doutor Pedrinho,0.06880216066459074,0.0864638504104558,0.17651476444060907,0.59254538974154,0.23108154131429892,0.59254538974154,0.4118134655279195
Ponte Serrada,0.07644132827196631,0.4674298130386956,0.42749946051546106,0.7956084547506667,0.4417447641441974,0.7956084547506667,0.6186766094474321
Erval Velho,0.2770704074490702,0.37426162421256715,0.37630536141078386,0.669290897897506,0.42423207274248176,0.669290897897506,0.5467614853199938
Ermo,0.3505068557567533,0.01800178306165582,0.548652189261597,0.3931869484916888,0.3275869441429237,0.548652189261597,0.4381195667022604
Frei Rogério,0.103721935387785,0.2937392579779976,0.4581752265308193,0.6581674533141799,0.3784509683026955,0.6581674533141799,0.5183092108084377
Pouso Redondo,0.07207347282496526,0.11176022875989479,0.2057427922799948,0.563855256857514,0.2383579376805922,0.563855256857514,0.4011065972690531
Praia Grande,0.09011815054161744,0.05263424321426392,0.49648351321302303,0.2568312049124689,0.22401677797034333,0.49648351321302303,0.36025014559168317
Galvão,0.08211867026234121,0.46898096193579547,0.4240553031040546,0.9900618568790126,0.491304198045301,0.9900618568790126,0.7406830274621568
Formosa do Sul,0.14216145607089223,0.5833304796656957,0.29392066177388687,0.9098091524728095,0.4823054374958211,0.9098091524728095,0.6960572949843153
Porto União,0.09681450263282888,0.0,0.17127922151719488,0.798803904898713,0.26672440726218416,0.798803904898713,0.5327641560804486
Florianópolis,0.06554765203904453,0.21637459643577217,0.9201788504695166,0.06826291017654869,0.3175910022802205,0.9201788504695166,0.6188849263748686
Fraiburgo,0.10782332554979718,0.20606441560807412,0.3984993321373396,0.6943361379027293,0.35168080279948505,0.6943361379027293,0.5230084703511072
Forquilhinha,0.4847444530402841,0.030245088110412523,0.641005186714889,0.5602298378822081,0.4290561414369485,0.641005186714889,0.5350306640759188
Curitibanos,0.09193790001986589,0.2609380132923315,0.40794656336802493,0.6254632368030323,0.3465714283708137,0.6254632368030323,0.486017332586923
Cunhataí,0.6664737774026867,0.8146728825394712,0.12443966352512532,0.750974758875436,0.5891402705856797,0.8146728825394712,0.7019065765625755
Pinheiro Preto,0.1339390987055217,0.27365224333111016,0.34230108058479547,0.7109583418838499,0.36521269112631927,0.7109583418838499,0.5380855165050846
Balneário Piçarras,0.10584604437383903,0.37625726766806455,0.598604994394271,0.36250769546480566,0.3608040004752451,0.598604994394271,0.479704497434758
Pinhalzinho,0.42295496009829586,0.7070389995210153,0.23170761190138855,0.8105376564744512,0.5430598069987878,0.8105376564744512,0.6767987317366195
Cunha Porã,0.49613394065009364,0.8296695427694796,0.1588348824797608,0.8097681099938436,0.5736016189732944,0.8296695427694796,0.701635580871387
Pomerode,0.10214598355942228,0.28226232310167665,0.12015153868503524,0.3985224707572334,0.2257705790258419,0.3985224707572334,0.31214652489153766
Dionísio Cerqueira,0.25146399331455116,0.7526323599908619,0.36549529944053194,0.9756207674943566,0.5863031050600754,0.9756207674943566,0.780961936277216
Ponte Alta,0.07479559376396666,0.13164108890195986,0.2928510316151608,0.5828958778787658,0.2705458980399633,0.5828958778787658,0.4267208879593646
Dona Emma,0.13368024671438963,0.08610830853232238,0.14657205979034402,0.5888227648949996,0.23879584498301393,0.5888227648949996,0.4138093049390068
Piratuba,0.5769186017648592,0.5165897869823913,0.24970157530043774,0.6310794171967987,0.4935723453111217,0.6310794171967987,0.5623258812539602
Descanso,0.6178933493022891,0.9665329622600694,0.08328082463992474,0.8779499281756618,0.6364142660944863,0.9665329622600694,0.8014736141772778
Planalto Alegre,0.7375058090868598,0.7262045089864281,0.06504901888217392,0.6778165401190231,0.5516439692686212,0.7375058090868598,0.6445748891777405
Cocal do Sul,0.28399712062353394,0.10535312465149424,0.6648795090434645,0.6078391134824542,0.4155172169502367,0.6648795090434645,0.5401983629968505
Cordilheira Alta,0.5275981615015782,0.7574692598945263,0.06406763700038022,0.6915657705725424,0.5101752072422567,0.7574692598945263,0.6338222335683915
Penha,0.10461269076903343,0.3658200296054681,0.7829231489295321,0.3846706341062999,0.4095066258525834,0.7829231489295321,0.5962148873910578
Concórdia,0.4187800422112279,0.6214382228922576,0.2259588525861992,0.6863543302201497,0.48813286197745853,0.6863543302201497,0.587243596098804
Celso Ramos,0.43597369259346597,0.44059153612229796,0.42553823519284295,0.5943977016211776,0.4741252913824461,0.5943977016211776,0.5342614965018118
Paulo Lopes,0.09702332440718747,0.22783032836087702,0.7981326716452197,0.06854093987276816,0.2978818160715131,0.7981326716452197,0.5480072438583664
Caxambu do Sul,0.9007424426710352,0.7455405571300362,0.054077225572754885,0.6804843012517954,0.5952111316564055,0.9007424426710352,0.7479767871637204
Pedras Grandes,0.2359159070774624,0.18573617565600947,0.6818530297576293,0.5003664507050509,0.400967890799038,0.6818530297576293,0.5414104602783336
Chapecó,0.6743514601916301,0.7370982763074305,0.031151548504774865,0.6024662798723952,0.5112668912190577,0.7370982763074305,0.6241825837632441
Chapadão do Lageado,0.06504749020852428,0.11891065389630737,0.5092387455641673,0.46325232329747,0.2891123032416172,0.5092387455641673,0.3991755244028922
Cerro Negro,0.33672461864908465,0.40027342804801663,0.3893572041488706,0.5592330919644686,0.42139708570261014,0.5592330919644686,0.49031508883353936
Petrolândia,0.07240845775466553,0.11272379121335342,0.4161309741740405,0.49244134345714496,0.27342614164980106,0.49244134345714496,0.382933742553473
Corupá,0.052204951085469374,0.20921232231647677,0.1417787900462095,0.5190114625780539,0.23055188150655237,0.5190114625780539,0.3747816720423031
Criciúma,0.45666662529631513,0.0795657159179924,0.6583954589410033,0.576441617073671,0.44276735430724545,0.6583954589410033,0.5505814066241244
Correia Pinto,0.0895674378727014,0.14385359969323158,0.394295222125491,0.5676547954405536,0.2988427637829944,0.5676547954405536,0.433248779611774
Peritiba,0.47845587231454695,0.5736344472440461,0.20643845659643265,0.6567822696490863,0.478827761451028,0.6567822696490863,0.5678050155500571
Coronel Freitas,0.52488727519445,0.6875475978960278,0.14208737925895734,0.767345111281085,0.5304668409076301,0.767345111281085,0.6489059760943575
Pescaria Brava,0.312638332112908,0.2951683816911712,0.9217777070615539,0.13379848142827808,0.4158457255734778,0.9217777070615539,0.6688117163175159
Coronel Martins,0.10343415287999702,0.5135652544891107,0.3946911646441155,0.9631848963677405,0.49371886709524093,0.9631848963677405,0.7284518817314907
Palma Sola,0.13072628869794173,0.6544394155547695,0.4205950057628083,0.961420069772214,0.5417951949469333,0.961420069772214,0.7516076323595736
Canoinhas,0.2468137934268027,0.09362287680486975,0.1910667217218794,0.8425610506874612,0.3435161106602533,0.8425610506874612,0.5930385806738573
Balneário Rincão,0.8350321033927826,0.12659792289788377,0.8389761918788688,0.46901292838087405,0.5674047866376023,0.8389761918788688,0.7031904892582356
Ouro,0.34772039020515555,0.43646842004028447,0.32264362191018175,0.6848963677406114,0.4479321999740583,0.6848963677406114,0.5664142838573348
Campos Novos,0.2905626883774552,0.37698765550322616,0.39179872166095353,0.6362552657731088,0.4239010828286859,0.6362552657731088,0.5300781743008973
Palhoça,0.07478380543799479,0.19821706858992513,0.8041572181058317,0.04004573304799019,0.27930095629543544,0.8041572181058317,0.5417290872006336
Painel,0.0698551994148926,0.09760657083192703,0.5873162395924948,0.4695475606726646,0.3060813926279948,0.5873162395924948,0.44669881611024476
Canelinha,0.12326526071825364,0.2922046788253503,0.4800262629853725,0.307408167453314,0.3007260924955726,0.4800262629853725,0.3903761777404725
Paial,0.5742463356211138,0.8842897617807873,0.015544835442061594,0.6253847732403034,0.5248664265210665,0.8842897617807873,0.704578094150927
Ouro Verde,0.06621428187275308,0.7041293340467409,0.3616111920964991,0.9216909501333881,0.5134114395373452,0.9216909501333881,0.7175511948353667
Papanduva,0.13531283402144337,0.08246620937794322,0.24319966846080648,0.7745416506083797,0.30888009061714317,0.7745416506083797,0.5417108706127614
Catanduvas,0.09293943493365135,0.38643247967149175,0.39776808512726236,0.7370109881909594,0.4035377469808412,0.7370109881909594,0.5702743675859003
Passos Maia,0.07929696603632042,0.41699898173661715,0.46274561440146067,0.8224502359942538,0.445372949542163,0.8224502359942538,0.6339115927682084
Passo de Torres,0.4329131484630224,0.07901296486455536,0.6894476757652404,0.1418017648265953,0.3357938884798533,0.6894476757652404,0.5126207821225468
Paraíso,0.43444134417537417,0.879251469085764,0.16186259022288,0.9439770162117792,0.6048831049239494,0.9439770162117792,0.7744300605678642
Capinzal,0.485131643413574,0.42455751389490315,0.3113540265934392,0.6502301310427719,0.467818328736172,0.6502301310427719,0.559024229889472
Palmeira,0.07434527971184171,0.08131716752045809,0.37053106819033366,0.5573568643546069,0.2708875949443101,0.5573568643546069,0.41412222964945844
Capivari de Baixo,0.46726433034501486,0.34055578539517706,0.8768763601400945,0.17443053560434998,0.46478175287115914,0.8768763601400945,0.6708290565056269
Palmitos,0.8959136108674253,0.8637840848027818,0.05351253316710009,0.7820968386490544,0.6488267668715904,0.8959136108674253,0.7723701888695078
Nova Itaberaba,0.6474253161729115,0.7053361580658266,0.10490918284087732,0.7211163554278679,0.5446967531268708,0.7211163554278679,0.6329065542773693
Xavantina,0.2581839017431586,0.7693832588619206,0.1370244915965026,0.768464451616514,0.48326402595452395,0.7693832588619206,0.6263236424082222
Capão Alto,0.22305770632133057,0.24903195800241934,0.4568990207885501,0.4967078068658203,0.3564241229945301,0.4967078068658203,0.4265659649301752
Nova Erechim,0.5601312888105611,0.7173282890180127,0.17892045740400603,0.7771393392160887,0.5583798436121671,0.7771393392160887,0.6677595914141279
Xaxim,0.3755393659579925,0.8348617032856521,0.09585623801742925,0.7470552021342085,0.5133281273488206,0.8348617032856521,0.6740949153172364
Nova Trento,0.09504734836731907,0.23475423437086324,0.4231673496691113,0.332587728298789,0.2713891651765207,0.4231673496691113,0.347278257422816
Campo Alegre,0.06075504262448607,0.3767659954745878,0.12272644974327136,0.5274870602184372,0.2719336370151956,0.5274870602184372,0.39971034861681637
Xanxerê,0.11658992466458987,0.852545617488417,0.20004626350299268,0.8683152062384566,0.509374252973614,0.8683152062384566,0.6888447296060354
Navegantes,0.1120584921610079,0.35711364434719345,0.6249925045897823,0.39605992201928975,0.37255614077931837,0.6249925045897823,0.49877432268455035
Caibi,0.8024441603680307,0.8871103318713375,0.06186896758095631,0.8171557562076748,0.6421448040069998,0.8871103318713375,0.7646275679391686
Camboriú,0.12064628763150599,0.33080124983419046,0.5958452497748775,0.3995298770591199,0.3617056660749235,0.5958452497748775,0.4787754579249005
Calmon,0.10236916183076805,0.0853551979259216,0.2188709091954391,0.7745184837735627,0.29527843818142285,0.7745184837735627,0.5348984609774927
Orleans,0.07023410102915645,0.11163725623301306,0.6330799110614026,0.49624461317463536,0.32779897037455186,0.6330799110614026,0.48043944071797723
Zortéa,0.4833618788758847,0.42277182411796904,0.3523046452841857,0.6317258362405086,0.472541046129637,0.6317258362405086,0.5521334411850728
Campo Erê,0.08407324207033785,0.6153735131955441,0.4308195640018047,0.9437307613379845,0.5184992701514178,0.9437307613379845,0.7311150157447012
Otacílio Costa,0.06743849952493047,0.08248030158705968,0.3366670500583955,0.5400369382310692,0.25665569735036375,0.5400369382310692,0.3983463177907165
Novo Horizonte,0.09940519777096546,0.5219909597622543,0.40321562788492443,0.9650625897804227,0.4974185937996417,0.9650625897804227,0.7312405917900322
Nova Veneza,0.2194242074474906,0.043667698603624926,0.5888848097894622,0.5601477529242764,0.35303111719121355,0.5888848097894622,0.4709579634903379
Campo Belo do Sul,0.3184396620318082,0.3601788579625109,0.38304242289224816,0.5404154410926417,0.4005190959948023,0.5404154410926417,0.470467268543722
Vargeão,0.07259117680722932,0.6061550418822002,0.38265884594998306,0.8629181202544635,0.481080796223469,0.8629181202544635,0.6719994582389662
Modelo,0.3596428083849428,0.7353710419030732,0.25773628328313686,0.8290580751077364,0.5454520521697224,0.8290580751077364,0.6872550636387293
Vidal Ramos,0.07198211329868337,0.16884409625835056,0.4247302454852549,0.42663656884875845,0.27304825597276183,0.42663656884875845,0.34984241241076014
Mondaí,0.9850444455476537,0.9954916349652335,0.016318186631688533,0.8431151241534989,0.7099923478245187,0.9954916349652335,0.8527419913948762
Botuverá,0.10520652768986576,0.24859526024706027,0.3657969624340305,0.3767699569053968,0.2740921768190883,0.3767699569053968,0.32543106686224255
Vargem Bonita,0.0782073834755058,0.371419540265231,0.43459745319233856,0.7585082138961193,0.41068314770729863,0.7585082138961193,0.584595680801709
Braço do Norte,0.16310355111814656,0.10537948120327968,0.6934685580842193,0.3686360838012796,0.3326469185517313,0.6934685580842193,0.5130577383179753
Vargem,0.20022580911281765,0.3755230470922319,0.4163831990932488,0.6153716155044003,0.40187591770067466,0.6153716155044003,0.5086237666025375
Urussanga,0.19092786606407797,0.1315848635849536,0.6519265640214325,0.587083345548357,0.39038065980470527,0.6519265640214325,0.5211536119130689
Meleiro,0.40354106076339324,0.009401558338647127,0.5772238511146772,0.5147752924276624,0.37623544066109504,0.5772238511146772,0.47672964588788613
Urupema,0.035887487123478085,0.16086314356388082,0.661249371964719,0.4383080238046378,0.32407700661417893,0.661249371964719,0.49266318928944897
Bom Retiro,0.025940117650021775,0.13660383141724167,0.5716022793915441,0.4425675310788771,0.29417843988442116,0.5716022793915441,0.4328903596379826
Bom Jesus do Oeste,0.2295468429595246,0.6995603517182538,0.30123278365916384,0.8668171557562077,0.5242892835232875,0.8668171557562077,0.6955532196397476
Mirim Doce,0.06107025970347036,0.12707951372003282,0.20729868053002432,0.6082279369673929,0.2509190977302301,0.6082279369673929,0.42957351734881144
Vitor Meireles,0.10919268807342845,0.043384446509553795,0.16282735687176178,0.6362232278829644,0.2379069298344271,0.6362232278829644,0.4370650788586957
Caçador,0.1084662355876038,0.12827066353679076,0.29798068122899446,0.7543361379027292,0.32226342956402954,0.7543361379027292,0.5382997837333794
Morro Grande,0.1229563785103482,0.0557121548664128,0.568918362860879,0.485415261938964,0.30825053954415105,0.568918362860879,0.43858445120251505
Witmarsum,0.12363069882338124,0.06919568673313856,0.13374180611040362,0.6089335795882072,0.23387544281378264,0.6089335795882072,0.42140451120099487
Morro da Fumaça,0.5123593925177581,0.16146729836929616,0.7869357290638309,0.5265750051303099,0.4968343562702987,0.7869357290638309,0.6418850426670648
Monte Carlo,0.12283891626227146,0.2671334119842833,0.433419021382105,0.6632464600861891,0.37165945242871223,0.6632464600861891,0.5174529562574507
Brunópolis,0.12216894640287092,0.35197433060287536,0.419385809236763,0.6287707777549767,0.38057496599937146,0.6287707777549767,0.504672871877174
Braço do Trombudo,0.07514924354312238,0.09931709840767822,0.25706402567295084,0.548122306587318,0.24491316855276735,0.548122306587318,0.39651773757004266
Videira,0.12710877201692003,0.2184392495897673,0.37334754974130346,0.7138583170423493,0.358188472097585,0.7138583170423493,0.5360233945699671
Monte Castelo,0.07436616188927757,0.10864987501271475,0.26157026839951647,0.7513265515522852,0.2989782142134485,0.7513265515522852,0.5251523828828668
Brusque,0.12698435476731246,0.297697179881281,0.3813204321895432,0.36389287912989937,0.292473711492009,0.3813204321895432,0.3368970718407761
Trombudo Central,0.08549570989454698,0.1141805024797368,0.25231648244009974,0.5350400164169913,0.2467581778078437,0.5350400164169913,0.3908990971124175
Maracajá,0.5639227091512595,0.03177260585123064,0.6724811651111616,0.5212394828647647,0.44735399074460414,0.6724811651111616,0.5599175779278829
Benedito Novo,0.08094816926396264,0.14586166714129853,0.1694025268445453,0.5167248101785346,0.22823429335708526,0.5167248101785346,0.3724795517678099
Biguaçu,0.08404157076789348,0.24079935874845093,0.616639835938433,0.1870852999521171,0.28214151635172363,0.616639835938433,0.4493906761450783
Major Vieira,0.13175701155855798,0.09382142397569639,0.2273821640074388,0.8063584271259215,0.3148297566669037,0.8063584271259215,0.5605940918964126
Barra Velha,0.10057003173105962,0.4164123726134534,0.5514764214324214,0.32387646213831295,0.3480838219788119,0.5514764214324214,0.44978012170561665
Barra Bonita,0.33840171852440226,0.8505166956068542,0.2643298756717156,0.9221218961625279,0.593842546491375,0.9221218961625279,0.7579822213269515
Bandeirante,0.5170422208077502,0.924022564387218,0.13551682502137222,0.9253320043387763,0.6254784036387792,0.9253320043387763,0.7754052039887778
Balneário Gaivota,0.49729877461018784,0.0530255772591891,0.733172766666966,0.25784937410219555,0.3853366231596346,0.733172766666966,0.5592546949133003
Balneário Barra do Sul,0.07438182352235448,0.5122061901696766,0.5375907224932815,0.2167863738969832,0.335241277520574,0.5375907224932815,0.43641600000692776
Treze Tílias,0.10612012295268473,0.28072757350467314,0.45079316683200615,0.7334290991175866,0.39276749060173766,0.7334290991175866,0.5630982948596621
Belmonte,0.5985022898489568,0.9461470706898625,0.07867487963336883,0.9018058690744921,0.63128252731167,0.9461470706898625,0.7887147990007662
Bela Vista do Toldo,0.1696780002884512,0.08583035161362952,0.1923723114965404,0.8239065363685896,0.31794679994180264,0.8239065363685896,0.5709266681551961
União do Oeste,0.3974656522656473,0.6814856166188663,0.17235520549492628,0.8208495793145905,0.5180390134235076,0.8208495793145905,0.669444296369049
Bombinhas,0.10511516816358389,0.34120119532176796,0.9053926556799308,0.313154114508516,0.41621578341844967,0.9053926556799308,0.6608042195491902
Urubici,0.0,0.1953678966312388,0.6534555938963419,0.40168196725119937,0.312626364444695,0.6534555938963419,0.48304097917051847
Bom Jesus,0.07277389585979312,0.7703885755332163,0.32097431556110745,0.9214036527806281,0.5213851099336863,0.9214036527806281,0.7213943813571572
Tunápolis,0.8258113169187599,0.9761873227275835,0.041977438679086126,0.8792471636715423,0.6808058104992429,0.9761873227275835,0.8284965666134132
Matos Costa,0.09199261802491172,0.05572105220070866,0.2161702236081476,0.7896199839561221,0.2883759694474725,0.7896199839561221,0.5389979767017973
Marema,0.3634799084887824,0.6723974884731079,0.2134555333279543,0.8226085426988359,0.5179853682471701,0.8226085426988359,0.6702969554730029
Bom Jardim da Serra,0.016656306841139227,0.1544498607891435,0.6459307528373995,0.37317873999589596,0.2975539151158946,0.6459307528373995,0.47174233397664705
Tubarão,0.4675975239114548,0.3228129149728413,0.7986025093587223,0.3034246327301696,0.473109395243297,0.7986025093587223,0.6358559523010097
Maravilha,0.3378383347789972,0.7852085683984409,0.23043403969913762,0.8535467542239551,0.5517569242751327,0.8535467542239551,0.7026518392495439
Turvo,0.26394370460465805,0.015410335679216656,0.5446444258667942,0.4382310691565771,0.31555738382681153,0.5446444258667942,0.43010090484680286
