model_id,model_label,model_scope,model_description,variable,coefficient,std_error_cluster_municipio,p_value,conf_low,conf_high,pct_effect_0_1,pct_effect_0_1_percent,nobs,n_municipalities,year_min,year_max,entity_effects,time_effects,dependent_variable,delta_risk,risk_variable,controls,interpretation_note
municipality_year_fe,Municipality FE + year FE,gdp_industrial_control,Real GDP with industrial value-added control,risk_norm_without_GDP_lag1,-0.05601387790995002,0.026597324925925828,0.03525183377585672,-0.10815565678942186,-0.0038720990304781794,-0.00558572926852996,-0.558572926852996,5583,295,2003,2021,True,True,gdp_growth_log,0.1,risk_norm_without_GDP_lag1,va_industrial_growth_log,The dependent variable is log(real_gdp_t) - log(real_gdp_t-1). The risk index excludes pib_pc_inv and enters lagged by one year. Industrial value added is already expressed in 2010 prices and enters as log growth.
municipality_year_fe,Municipality FE + year FE,gdp_industrial_control,Real GDP with industrial value-added control,va_industrial_growth_log,0.3233493997739189,0.011077108111964355,0.0,0.30163367748204845,0.3450651220657894,,,5583,295,2003,2021,True,True,gdp_growth_log,0.1,risk_norm_without_GDP_lag1,va_industrial_growth_log,The dependent variable is log(real_gdp_t) - log(real_gdp_t-1). The risk index excludes pib_pc_inv and enters lagged by one year. Industrial value added is already expressed in 2010 prices and enters as log growth.
municipality_fe_only,Municipality FE only,gdp_industrial_control,Real GDP with industrial value-added control,risk_norm_without_GDP_lag1,-0.08124272397247652,0.023710372962918086,0.00061615609147192,-0.12772484426684885,-0.034760603678104185,-0.008091359687173338,-0.8091359687173338,5583,295,2003,2021,True,False,gdp_growth_log,0.1,risk_norm_without_GDP_lag1,va_industrial_growth_log,The dependent variable is log(real_gdp_t) - log(real_gdp_t-1). The risk index excludes pib_pc_inv and enters lagged by one year. Industrial value added is already expressed in 2010 prices and enters as log growth.
municipality_fe_only,Municipality FE only,gdp_industrial_control,Real GDP with industrial value-added control,va_industrial_growth_log,0.32228045921150655,0.010288662130680176,0.0,0.3021104335617889,0.3424504848612242,,,5583,295,2003,2021,True,False,gdp_growth_log,0.1,risk_norm_without_GDP_lag1,va_industrial_growth_log,The dependent variable is log(real_gdp_t) - log(real_gdp_t-1). The risk index excludes pib_pc_inv and enters lagged by one year. Industrial value added is already expressed in 2010 prices and enters as log growth.
year_fe_only,Year FE only,gdp_industrial_control,Real GDP with industrial value-added control,risk_norm_without_GDP_lag1,-0.00906310746862613,0.007239486052538474,0.21065920566696472,-0.023255327801425075,0.005129112864172815,-0.0009059001713234149,-0.0905900171323415,5583,295,2003,2021,False,True,gdp_growth_log,0.1,risk_norm_without_GDP_lag1,va_industrial_growth_log,The dependent variable is log(real_gdp_t) - log(real_gdp_t-1). The risk index excludes pib_pc_inv and enters lagged by one year. Industrial value added is already expressed in 2010 prices and enters as log growth.
year_fe_only,Year FE only,gdp_industrial_control,Real GDP with industrial value-added control,va_industrial_growth_log,0.32440007644352903,0.010612259791400193,0.0,0.303595902211348,0.34520425067571003,,,5583,295,2003,2021,False,True,gdp_growth_log,0.1,risk_norm_without_GDP_lag1,va_industrial_growth_log,The dependent variable is log(real_gdp_t) - log(real_gdp_t-1). The risk index excludes pib_pc_inv and enters lagged by one year. Industrial value added is already expressed in 2010 prices and enters as log growth.
no_fe,No fixed effects,gdp_industrial_control,Real GDP with industrial value-added control,constant,0.018889839266941443,0.001338424823324403,0.0,0.016266005680325973,0.021513672853556914,,,5583,295,2003,2021,False,False,gdp_growth_log,0.1,risk_norm_without_GDP_lag1,va_industrial_growth_log,The dependent variable is log(real_gdp_t) - log(real_gdp_t-1). The risk index excludes pib_pc_inv and enters lagged by one year. Industrial value added is already expressed in 2010 prices and enters as log growth.
no_fe,No fixed effects,gdp_industrial_control,Real GDP with industrial value-added control,risk_norm_without_GDP_lag1,-0.014210268875197184,0.007543632468223759,0.05965162759187859,-0.028998724595889574,0.0005781868454952065,-0.0014200177068930397,-0.14200177068930397,5583,295,2003,2021,False,False,gdp_growth_log,0.1,risk_norm_without_GDP_lag1,va_industrial_growth_log,The dependent variable is log(real_gdp_t) - log(real_gdp_t-1). The risk index excludes pib_pc_inv and enters lagged by one year. Industrial value added is already expressed in 2010 prices and enters as log growth.
no_fe,No fixed effects,gdp_industrial_control,Real GDP with industrial value-added control,va_industrial_growth_log,0.32338523127975466,0.010138424790120908,0.0,0.3035099726801564,0.3432604898793529,,,5583,295,2003,2021,False,False,gdp_growth_log,0.1,risk_norm_without_GDP_lag1,va_industrial_growth_log,The dependent variable is log(real_gdp_t) - log(real_gdp_t-1). The risk index excludes pib_pc_inv and enters lagged by one year. Industrial value added is already expressed in 2010 prices and enters as log growth.
